file,class,type,cbo,cboModified,fanin,fanout,wmc,dit,noc,rfc,lcom,lcom*,tcc,lcc,totalMethodsQty,staticMethodsQty,publicMethodsQty,privateMethodsQty,protectedMethodsQty,defaultMethodsQty,visibleMethodsQty,abstractMethodsQty,finalMethodsQty,synchronizedMethodsQty,totalFieldsQty,staticFieldsQty,publicFieldsQty,privateFieldsQty,protectedFieldsQty,defaultFieldsQty,finalFieldsQty,synchronizedFieldsQty,nosi,loc,returnQty,loopQty,comparisonsQty,tryCatchQty,parenthesizedExpsQty,stringLiteralsQty,numbersQty,assignmentsQty,mathOperationsQty,variablesQty,maxNestedBlocksQty,anonymousClassesQty,innerClassesQty,lambdasQty,uniqueWordsQty,modifiers,logStatementsQty
C:\PROJECTS\huston\huston\src\bridge\StackJava.java,bridge.StackJava,class,1,2,1,1,0,5,0,0,0,0,-1,-1,0,0,0,0,0,0,0,0,0,0,0,0,0,0,0,0,0,0,0,2,0,0,0,0,0,0,0,0,0,0,0,0,0,0,3,0,0
C:\PROJECTS\huston\huston\src\chainOfResponsibility\Primitive.java,chainOfResponsibility.Primitive,class,1,2,1,1,4,2,0,3,3,0,0,0,3,0,3,0,0,0,3,0,0,0,0,0,0,0,0,0,0,0,1,12,0,0,1,0,1,0,3,0,2,0,1,0,0,0,5,0,0
C:\PROJECTS\huston\huston\src\command\Fan.java,command.Fan,class,0,3,3,0,2,1,0,1,1,0,0,0,2,0,2,0,0,0,2,0,0,0,0,0,0,0,0,0,0,0,0,8,0,0,0,0,0,2,0,0,0,0,0,0,0,0,6,0,0
C:\PROJECTS\huston\huston\src\prototype\PrototypeDemo.java,prototype.PrototypeDemo,class,6,7,1,6,5,1,0,4,1,0,0,0,2,2,2,0,0,0,2,0,0,0,0,0,0,0,0,0,0,0,5,17,0,2,1,0,1,0,4,5,0,4,2,0,0,0,15,1,0
C:\PROJECTS\huston\huston\src\prototype\That.java,prototype.That,class,3,5,2,3,3,1,0,1,3,0,0,0,3,0,3,0,0,0,3,0,0,0,0,0,0,0,0,0,0,0,0,11,2,0,0,0,0,2,0,0,0,0,0,0,0,0,7,0,0
C:\PROJECTS\huston\huston\src\factory\ConcreteCreatorB.java,factory.ConcreteCreatorB,class,3,4,1,3,1,2,0,0,0,0,NaN,NaN,1,0,1,0,0,0,1,0,0,0,0,0,0,0,0,0,0,0,0,5,1,0,0,0,0,0,0,0,0,0,0,0,0,0,6,0,0
C:\PROJECTS\huston\huston\src\visitor\Visitor.java,visitor.Visitor,interface,2,6,4,2,2,1,0,0,1,0,0,0,2,0,0,0,0,2,2,0,0,0,0,0,0,0,0,0,0,0,0,4,0,0,0,0,0,0,0,0,0,0,0,0,0,0,6,0,0
C:\PROJECTS\huston\huston\src\factory\ConcreteCreatorA.java,factory.ConcreteCreatorA,class,3,4,1,3,1,2,0,0,0,0,NaN,NaN,1,0,1,0,0,0,1,0,0,0,0,0,0,0,0,0,0,0,0,5,1,0,0,0,0,0,0,0,0,0,0,0,0,0,6,0,0
C:\PROJECTS\huston\huston\src\decorator\Decorator.java,decorator.Decorator,class,1,3,2,1,2,1,2,1,0,0,1,1,2,0,2,0,0,0,2,0,0,0,1,0,0,1,0,0,0,0,0,9,0,0,0,0,0,0,0,1,0,1,0,0,0,0,5,1024,0
C:\PROJECTS\huston\huston\src\prototype\Prototype.java,prototype.Prototype,interface,0,4,4,0,2,1,0,0,1,0,0,0,2,0,0,0,0,2,2,0,0,0,0,0,0,0,0,0,0,0,0,4,0,0,0,0,0,0,0,0,0,0,0,0,0,0,5,0,0
C:\PROJECTS\huston\huston\src\composite\CompositeLevels.java,composite.CompositeLevels,class,4,5,1,4,4,1,0,3,1,0,NaN,NaN,2,2,1,1,0,0,1,0,0,0,0,0,0,0,0,0,0,0,1,24,1,2,0,0,0,0,24,9,12,6,2,0,0,0,13,1,0
C:\PROJECTS\huston\huston\src\decorator\ScrollDecorator.java,decorator.ScrollDecorator,class,2,3,1,2,2,2,0,2,1,0,0,0,2,0,2,0,0,0,2,0,0,0,0,0,0,0,0,0,0,0,0,9,0,0,0,0,0,1,0,0,0,0,0,0,0,0,5,0,0
C:\PROJECTS\huston\huston\src\strategy\StrategyDemo.java,strategy.StrategyDemo,class,3,3,0,3,3,1,0,1,0,0,1,1,2,2,2,0,0,0,2,0,0,0,1,1,0,1,0,0,0,0,0,13,0,1,0,0,0,0,1,4,0,4,1,0,0,0,12,1,0
C:\PROJECTS\huston\huston\src\bridge\BridgeDemo.java,bridge.BridgeDemo,class,2,2,0,2,5,1,0,8,0,0,NaN,NaN,1,1,1,0,0,0,1,0,0,0,0,0,0,0,0,0,0,0,1,14,0,4,0,0,2,4,7,5,4,6,2,0,0,0,12,0,0
C:\PROJECTS\huston\huston\src\proxy\RealImage.java,proxy.RealImage,class,2,4,2,2,3,1,0,2,0,0,1,1,3,0,2,1,0,0,2,0,0,0,1,0,0,1,0,0,0,0,0,13,0,0,0,0,0,2,0,1,2,1,0,0,0,0,7,0,0
C:\PROJECTS\huston\huston\src\prototype\Command.java,prototype.Command,interface,0,4,4,0,1,1,0,0,0,0,NaN,NaN,1,0,0,0,0,1,1,0,0,0,0,0,0,0,0,0,0,0,0,3,0,0,0,0,0,0,0,0,0,0,0,0,0,0,2,0,0
C:\PROJECTS\huston\huston\src\strategy\Impl1.java,strategy.Impl1,class,1,2,1,1,6,2,0,2,4,0.5,0.16666667,0.16666667,4,0,0,0,4,0,4,0,0,0,1,0,0,1,0,0,0,0,0,17,2,0,2,0,2,6,3,1,2,1,0,0,0,0,11,0,0
C:\PROJECTS\huston\huston\src\strategy\Impl2.java,strategy.Impl2,class,1,2,1,1,4,2,0,1,3,0.6666667,0,0,3,0,0,0,3,0,3,0,0,0,1,0,0,1,0,0,0,0,0,13,1,0,1,0,0,4,2,1,1,1,0,0,0,0,10,0,0
C:\PROJECTS\huston\huston\src\prototype\This.java,prototype.This,class,3,5,2,3,3,1,0,1,3,0,0,0,3,0,3,0,0,0,3,0,0,0,0,0,0,0,0,0,0,0,0,11,2,0,0,0,0,2,0,0,0,0,0,0,0,0,7,0,0
C:\PROJECTS\huston\huston\src\decorator\Widget.java,decorator.Widget,interface,0,5,5,0,1,1,0,0,0,0,NaN,NaN,1,0,0,0,0,1,1,0,0,0,0,0,0,0,0,0,0,0,0,3,0,0,0,0,0,0,0,0,0,0,0,0,0,0,2,0,0
C:\PROJECTS\huston\huston\src\composite\Entity.java,composite.Entity,class,0,2,2,0,1,1,2,0,0,1,NaN,NaN,1,0,1,0,0,0,1,1,0,0,1,1,0,0,1,0,0,0,0,4,0,0,0,0,0,0,0,1,0,1,0,0,0,0,5,1024,0
C:\PROJECTS\huston\huston\src\template\Specialization.java,template.Specialization,class,2,4,2,2,4,2,1,4,6,0,0,0,4,0,0,0,4,0,4,1,0,0,0,0,0,0,0,0,0,0,0,14,0,0,0,0,0,2,0,0,0,0,0,0,0,0,8,1024,0
C:\PROJECTS\huston\huston\src\factory\Client.java,factory.Client,class,3,3,0,3,1,1,0,1,0,0,NaN,NaN,1,1,1,0,0,0,1,0,0,0,0,0,0,0,0,0,0,0,0,8,0,0,0,0,0,0,0,2,0,2,0,0,0,0,9,1,0
C:\PROJECTS\huston\huston\src\bridge\StackImp.java,bridge.StackImp,interface,0,4,4,0,4,1,0,0,6,0,0,0,4,0,0,0,0,4,4,0,0,0,0,0,0,0,0,0,0,0,0,6,0,0,0,0,0,0,0,0,0,0,0,0,0,0,8,0,0
C:\PROJECTS\huston\huston\src\decorator\BorderDecorator.java,decorator.BorderDecorator,class,2,3,1,2,2,2,0,2,1,0,0,0,2,0,2,0,0,0,2,0,0,0,0,0,0,0,0,0,0,0,0,9,0,0,0,0,0,1,0,0,0,0,0,0,0,0,5,0,0
C:\PROJECTS\huston\huston\src\template\TemplateMethodDemo.java,template.TemplateMethodDemo,class,2,2,0,2,1,1,0,1,0,0,NaN,NaN,1,1,1,0,0,0,1,0,0,0,0,0,0,0,0,0,0,0,0,6,0,0,0,0,0,0,0,1,0,1,0,0,0,0,8,0,0
C:\PROJECTS\huston\huston\src\strategy\Strategy.java,strategy.Strategy,interface,0,3,3,0,1,1,0,0,0,0,NaN,NaN,1,0,1,0,0,0,1,0,0,0,0,0,0,0,0,0,0,0,0,3,0,0,0,0,0,0,0,0,0,0,0,0,0,0,2,0,0
C:\PROJECTS\huston\huston\src\observer\SensorSystem.java,observer.SensorSystem,class,1,2,1,1,4,1,0,6,0,0,1,1,3,0,3,0,0,0,3,0,0,0,1,0,0,1,0,0,0,0,0,12,0,1,0,0,1,0,0,2,0,2,1,0,0,0,11,0,0
C:\PROJECTS\huston\huston\src\bridge\Stack.java,bridge.Stack,class,3,5,2,3,6,1,1,5,0,0.2,0.6,0.6,5,0,5,0,0,0,5,0,0,0,1,0,0,0,1,0,0,0,0,19,2,0,0,0,1,2,0,2,0,1,1,0,0,0,12,1024,0
C:\PROJECTS\huston\huston\src\visitor\Leaf.java,visitor.Leaf,class,2,5,3,2,4,1,0,2,0,0.25,0.5,0.5,4,0,4,0,0,0,4,0,0,0,1,0,0,1,0,0,0,0,0,15,1,0,0,0,0,1,0,1,1,1,0,0,0,0,10,0,0
C:\PROJECTS\huston\huston\src\bridge\StackMine.java,bridge.StackMine,class,1,2,1,1,5,1,0,0,0,0.125,1,1,4,0,4,0,0,0,4,0,0,0,2,0,0,2,0,0,0,0,0,16,4,0,1,0,0,0,3,3,0,2,0,0,0,0,11,0,0
C:\PROJECTS\huston\huston\src\strategy\TemplateMethod2.java,strategy.TemplateMethod2,class,2,4,2,2,6,1,1,3,6,0,0,0,4,0,1,0,3,0,4,3,0,0,0,0,0,0,0,0,0,0,0,12,0,1,0,0,0,0,0,0,0,0,2,0,0,0,9,1024,0
C:\PROJECTS\huston\huston\src\composite\Product.java,composite.Product,class,1,2,1,1,2,2,0,2,0,0,1,1,2,0,2,0,0,0,2,0,0,0,1,0,0,1,0,0,0,0,0,9,0,0,0,0,0,0,0,1,1,1,0,0,0,0,5,0,0
C:\PROJECTS\huston\huston\src\factory\ConcreteProductA.java,factory.ConcreteProductA,class,1,2,1,1,1,1,0,0,0,0,NaN,NaN,1,0,1,0,0,0,1,0,0,0,0,0,0,0,0,0,0,0,0,5,1,0,0,0,0,1,0,0,0,0,0,0,0,0,5,0,0
C:\PROJECTS\huston\huston\src\chainOfResponsibility\ChainDemo.java,chainOfResponsibility.ChainDemo,class,3,3,0,3,2,1,0,6,0,0,NaN,NaN,1,1,1,0,0,0,1,0,0,0,0,0,0,0,0,0,0,0,0,29,0,1,0,0,0,1,11,10,0,10,1,0,0,0,17,1,0
C:\PROJECTS\huston\huston\src\factory\ConcreteProductB.java,factory.ConcreteProductB,class,1,2,1,1,1,1,0,0,0,0,NaN,NaN,1,0,1,0,0,0,1,0,0,0,0,0,0,0,0,0,0,0,0,5,1,0,0,0,0,1,0,0,0,0,0,0,0,0,5,0,0
C:\PROJECTS\huston\huston\src\command\Command.java,command.Command,interface,0,5,5,0,1,1,0,0,0,0,NaN,NaN,1,0,1,0,0,0,1,0,0,0,0,0,0,0,0,0,0,0,0,3,0,0,0,0,0,0,0,0,0,0,0,0,0,0,2,0,0
C:\PROJECTS\huston\huston\src\command\LightOnCommand.java,command.LightOnCommand,class,2,3,1,2,2,1,0,1,0,0,1,1,2,0,2,0,0,0,2,0,0,0,1,0,0,1,0,0,0,0,0,9,0,0,0,0,0,0,0,1,0,1,0,0,0,0,6,0,0
C:\PROJECTS\huston\huston\src\proxy\Image.java,proxy.Image,interface,0,3,3,0,1,1,0,0,0,0,NaN,NaN,1,0,1,0,0,0,1,0,0,0,0,0,0,0,0,0,0,0,0,3,0,0,0,0,0,0,0,0,0,0,0,0,0,0,2,0,0
C:\PROJECTS\huston\huston\src\proxy\ProxyExample.java,proxy.ProxyExample,class,2,2,0,2,1,1,0,1,0,0,NaN,NaN,1,1,1,0,0,0,1,0,0,0,0,0,0,0,0,0,0,0,0,10,0,0,0,0,0,3,0,3,0,3,0,0,0,0,8,0,0
C:\PROJECTS\huston\huston\src\strategy\TemplateMethod1.java,strategy.TemplateMethod1,class,2,4,2,2,7,1,1,4,10,0,0,0,5,0,1,0,4,0,5,4,0,0,0,0,0,0,0,0,0,0,0,11,0,1,0,0,0,0,0,0,0,0,1,0,0,0,10,1024,0
C:\PROJECTS\huston\huston\src\prototype\TheOther.java,prototype.TheOther,class,3,5,2,3,3,1,0,1,3,0,0,0,3,0,3,0,0,0,3,0,0,0,0,0,0,0,0,0,0,0,0,11,2,0,0,0,0,2,0,0,0,0,0,0,0,0,8,0,0
C:\PROJECTS\huston\huston\src\state\State.java,state.State,interface,1,5,4,1,3,1,0,0,3,0,0,0,3,0,3,0,0,0,3,0,0,0,0,0,0,0,0,0,0,0,0,5,0,0,0,0,0,0,0,0,0,0,0,0,0,0,8,0,0
C:\PROJECTS\huston\huston\src\observer\Lighting.java,observer.Lighting,class,1,2,1,1,1,1,0,1,0,0,NaN,NaN,1,0,1,0,0,0,1,0,0,0,0,0,0,0,0,0,0,0,0,5,0,0,0,0,0,1,0,0,0,0,0,0,0,0,4,0,0
C:\PROJECTS\huston\huston\src\template\Generalization.java,template.Generalization,class,1,4,3,1,5,1,1,5,10,0,0,0,5,0,1,0,4,0,5,2,0,0,0,0,0,0,0,0,0,0,0,16,0,0,0,0,0,2,0,0,0,0,0,0,0,0,8,1024,0
C:\PROJECTS\huston\huston\src\visitor\Component.java,visitor.Component,interface,1,3,2,1,2,1,0,0,1,0,0,0,2,0,0,0,0,2,2,0,0,0,0,0,0,0,0,0,0,0,0,4,0,0,0,0,0,0,0,0,0,0,0,0,0,0,5,0,0
C:\PROJECTS\huston\huston\src\bridge\StackHanoi.java,bridge.StackHanoi,class,2,3,1,2,6,2,0,4,4,0.5,0.16666667,0.16666667,4,0,4,0,0,0,4,0,0,0,1,0,0,1,0,0,0,0,0,16,1,0,0,0,1,1,1,1,0,1,1,0,0,0,9,0,0
C:\PROJECTS\huston\huston\src\command\Light.java,command.Light,class,0,3,3,0,2,1,0,1,1,0,0,0,2,0,2,0,0,0,2,0,0,0,0,0,0,0,0,0,0,0,0,8,0,0,0,0,0,2,0,0,0,0,0,0,0,0,6,0,0
C:\PROJECTS\huston\huston\src\composite\Box.java,composite.Box,class,1,2,1,1,4,2,0,9,0,0.33333334,0.6666667,1,3,0,3,0,0,0,3,0,0,0,2,0,0,2,0,0,0,0,0,16,0,1,0,0,1,1,2,3,2,3,1,0,0,0,11,0,0
C:\PROJECTS\huston\huston\src\visitor\VisitorComposite3.java,visitor.VisitorComposite3,class,3,3,0,3,4,1,0,8,0,0,NaN,NaN,1,1,1,0,0,0,1,0,0,0,0,0,0,0,0,0,0,0,0,16,0,3,0,0,0,2,8,6,4,5,2,0,0,0,14,1,0
C:\PROJECTS\huston\huston\src\observer\AlarmListener.java,observer.AlarmListener,interface,0,4,4,0,1,1,0,0,0,0,NaN,NaN,1,0,1,0,0,0,1,0,0,0,0,0,0,0,0,0,0,0,0,3,0,0,0,0,0,0,0,0,0,0,0,0,0,0,3,0,0
C:\PROJECTS\huston\huston\src\state\C.java,state.C,class,2,3,1,2,3,1,0,2,3,0,0,0,3,0,3,0,0,0,3,0,0,0,0,0,0,0,0,0,0,0,0,12,0,0,0,0,0,3,1,0,0,0,0,0,0,0,9,0,0
C:\PROJECTS\huston\huston\src\command\FanOffCommand.java,command.FanOffCommand,class,2,3,1,2,2,1,0,1,0,0,1,1,2,0,2,0,0,0,2,0,0,0,1,0,0,1,0,0,0,0,0,9,0,0,0,0,0,0,0,1,0,1,0,0,0,0,6,0,0
C:\PROJECTS\huston\huston\src\state\B.java,state.B,class,2,3,1,2,3,1,0,2,3,0,0,0,3,0,3,0,0,0,3,0,0,0,0,0,0,0,0,0,0,0,0,13,0,0,0,0,0,3,2,0,0,0,0,0,0,0,9,0,0
C:\PROJECTS\huston\huston\src\state\A.java,state.A,class,2,3,1,2,3,1,0,2,3,0,0,0,3,0,3,0,0,0,3,0,0,0,0,0,0,0,0,0,0,0,0,14,0,0,0,0,0,3,3,0,0,0,0,0,0,0,9,0,0
C:\PROJECTS\huston\huston\src\command\TestCommand.java,command.TestCommand,class,7,7,0,7,1,1,0,2,0,0,NaN,NaN,1,1,1,0,0,0,1,0,0,0,0,0,0,0,0,0,0,0,0,16,0,0,0,0,0,0,0,8,0,8,0,0,0,0,17,1,0
C:\PROJECTS\huston\huston\src\decorator\DecoratorDemo.java,decorator.DecoratorDemo,class,4,4,0,4,1,1,0,1,0,0,NaN,NaN,1,1,1,0,0,0,1,0,0,0,0,0,0,0,0,0,0,0,0,6,0,0,0,0,0,0,2,1,0,1,0,0,0,0,10,1,0
C:\PROJECTS\huston\huston\src\command\FanOnCommand.java,command.FanOnCommand,class,2,3,1,2,2,1,0,1,0,0,1,1,2,0,2,0,0,0,2,0,0,0,1,0,0,1,0,0,0,0,0,9,0,0,0,0,0,0,0,1,0,1,0,0,0,0,6,0,0
C:\PROJECTS\huston\huston\src\decorator\TextField.java,decorator.TextField,class,1,2,1,1,2,1,0,1,0,0,1,1,2,0,2,0,0,0,2,0,0,0,1,0,0,1,0,0,0,0,0,10,0,0,0,0,0,2,0,2,1,2,0,0,0,0,8,0,0
C:\PROJECTS\huston\huston\src\observer\CheckList.java,observer.CheckList,class,1,3,2,1,4,1,1,4,6,0,0,0,4,0,1,0,3,0,4,0,0,0,0,0,0,0,0,0,0,0,0,16,0,0,0,0,0,3,0,0,0,0,0,0,0,0,11,0,0
C:\PROJECTS\huston\huston\src\state\FSM.java,state.FSM,class,4,9,5,4,4,1,0,3,0,0.125,1,1,4,0,4,0,0,0,4,0,0,0,2,0,0,2,0,0,0,0,0,16,0,0,0,0,0,0,1,3,0,2,0,0,0,0,14,0,0
C:\PROJECTS\huston\huston\src\observer\Gates.java,observer.Gates,class,1,2,1,1,1,1,0,1,0,0,NaN,NaN,1,0,1,0,0,0,1,0,0,0,0,0,0,0,0,0,0,0,0,5,0,0,0,0,0,1,0,0,0,0,0,0,0,0,4,0,0
C:\PROJECTS\huston\huston\src\command\Switch.java,command.Switch,class,1,2,1,1,3,1,0,1,0,0.33333334,0.6666667,1,3,0,1,0,0,2,3,0,0,0,1,0,0,1,0,0,0,0,0,13,0,0,0,0,0,0,0,2,0,2,0,0,0,0,5,0,0
C:\PROJECTS\huston\huston\src\visitor\CollectVisitor.java,visitor.CollectVisitor,class,3,4,1,3,4,1,0,5,2,0.5,0.33333334,0.33333334,4,0,4,0,0,0,4,0,0,0,2,0,0,2,0,0,0,0,0,16,2,0,0,0,0,0,0,2,0,2,0,0,0,0,14,0,0
C:\PROJECTS\huston\huston\src\command\LightOffCommand.java,command.LightOffCommand,class,2,3,1,2,2,1,0,1,0,0,1,1,2,0,2,0,0,0,2,0,0,0,1,0,0,1,0,0,0,0,0,9,0,0,0,0,0,0,0,1,0,1,0,0,0,0,6,0,0
C:\PROJECTS\huston\huston\src\template\Realization.java,template.Realization,class,1,2,1,1,3,3,0,2,3,0,0,0,3,0,0,0,3,0,3,0,0,0,0,0,0,0,0,0,0,0,0,12,0,0,0,0,0,3,0,0,0,0,0,0,0,0,7,0,0
C:\PROJECTS\huston\huston\src\observer\ClassVersusInterface.java,observer.ClassVersusInterface,class,4,4,0,4,1,1,0,2,0,0,NaN,NaN,1,1,1,0,0,0,1,0,0,0,0,0,0,0,0,0,0,0,0,9,0,0,0,0,0,0,0,1,0,1,0,0,0,0,11,1,0
C:\PROJECTS\huston\huston\src\chainOfResponsibility\Component.java,chainOfResponsibility.Component,class,1,5,4,1,5,1,2,2,2,0.5,0.4,0.6,5,0,5,0,0,0,5,0,0,0,2,0,0,2,0,0,0,0,0,20,0,0,0,0,0,1,0,3,1,2,0,0,0,0,9,1024,0
C:\PROJECTS\huston\huston\src\prototype\PrototypesModule.java,prototype.PrototypesModule,class,1,2,1,1,4,1,0,4,0,0,1,1,2,2,2,0,0,0,2,0,0,0,2,2,0,2,0,0,0,0,0,12,2,1,0,0,0,1,3,4,1,3,2,0,0,0,15,0,0
C:\PROJECTS\huston\huston\src\proxy\ProxyImage.java,proxy.ProxyImage,class,2,3,1,2,3,1,0,1,0,0.25,1,1,2,0,2,0,0,0,2,0,0,0,2,0,0,2,0,0,0,0,0,13,0,0,1,0,0,0,0,2,0,2,1,0,0,0,7,0,0
C:\PROJECTS\huston\huston\src\chainOfResponsibility\Composite.java,chainOfResponsibility.Composite,class,1,2,1,1,6,2,0,2,8,0.6,0.1,0.1,5,0,5,0,0,0,5,0,0,0,2,0,0,2,0,0,0,0,0,20,0,1,0,0,0,0,3,4,0,3,1,0,0,0,11,0,0
C:\PROJECTS\huston\huston\src\factory\Product.java,factory.Product,interface,0,5,5,0,1,1,0,0,0,0,NaN,NaN,1,0,1,0,0,0,1,0,0,0,0,0,0,0,0,0,0,0,0,3,0,0,0,0,0,0,0,0,0,0,0,0,0,0,3,0,0
C:\PROJECTS\huston\huston\src\factory\Creator.java,factory.Creator,class,2,6,4,2,2,1,2,3,1,0,0,0,2,0,2,0,0,0,2,1,0,0,0,0,0,0,0,0,0,0,0,7,0,0,0,0,0,1,0,1,1,1,0,0,0,0,7,1024,0
C:\PROJECTS\huston\huston\src\observer\Surveillance.java,observer.Surveillance,class,2,3,1,2,2,2,0,2,1,0,0,0,2,0,1,0,1,0,2,0,0,0,0,0,0,0,0,0,0,0,0,9,0,0,0,0,0,2,0,0,0,0,0,0,0,0,12,0,0
C:\PROJECTS\huston\huston\src\singleton\ClassicSingleton.java,singleton.ClassicSingleton,class,1,2,1,1,3,1,0,0,1,0.5,0,0,2,1,1,0,1,0,2,0,0,0,1,1,0,1,0,0,0,0,0,11,1,0,1,0,0,0,0,2,0,1,1,0,0,0,6,1,0
C:\PROJECTS\huston\huston\src\state\StateDemo2.java,state.StateDemo2,class,2,2,0,2,5,1,0,3,0,0,NaN,NaN,1,1,1,0,0,0,1,0,0,0,0,0,0,0,0,0,0,0,0,9,0,1,3,0,0,0,12,3,0,3,4,0,0,0,10,1,0
C:\PROJECTS\huston\huston\src\visitor\Composite.java,visitor.Composite,class,2,5,3,2,6,1,0,7,0,0.5833333,0.6666667,1,4,0,4,0,0,0,4,0,0,0,3,1,0,3,0,0,0,0,0,19,1,2,0,0,2,1,2,5,1,5,1,0,0,0,16,0,0
