file,class,type,cbo,cboModified,fanin,fanout,wmc,dit,noc,rfc,lcom,lcom*,tcc,lcc,totalMethodsQty,staticMethodsQty,publicMethodsQty,privateMethodsQty,protectedMethodsQty,defaultMethodsQty,visibleMethodsQty,abstractMethodsQty,finalMethodsQty,synchronizedMethodsQty,totalFieldsQty,staticFieldsQty,publicFieldsQty,privateFieldsQty,protectedFieldsQty,defaultFieldsQty,finalFieldsQty,synchronizedFieldsQty,nosi,loc,returnQty,loopQty,comparisonsQty,tryCatchQty,parenthesizedExpsQty,stringLiteralsQty,numbersQty,assignmentsQty,mathOperationsQty,variablesQty,maxNestedBlocksQty,anonymousClassesQty,innerClassesQty,lambdasQty,uniqueWordsQty,modifiers,logStatementsQty
C:\TasksFromBlinov_Java_Epam-master\TasksFromBlinov\src\onlyTests\DB\bundle\Bundle.java,onlyTests.DB.bundle.Bundle,class,0,0,0,0,1,1,0,3,0,0,NaN,NaN,1,1,1,0,0,0,1,0,0,0,0,0,0,0,0,0,0,0,1,7,0,0,0,0,0,2,0,2,0,2,0,0,0,0,6,1,0
C:\TasksFromBlinov_Java_Epam-master\TasksFromBlinov\src\chapter_13\task_A_11\Server.java,chapter_13.task_A_11.Server,class,2,4,2,2,6,1,0,8,3,0,0,0,3,3,3,0,0,0,3,0,0,0,0,0,0,0,0,0,0,0,3,28,2,2,0,1,2,2,6,6,5,5,2,0,0,0,19,1,0
C:\TasksFromBlinov_Java_Epam-master\TasksFromBlinov\src\chapter_1\Task_16.java,chapter_1.Task_16,class,1,2,1,1,5,1,0,5,1,0,0,0,2,2,2,0,0,0,2,0,0,0,0,0,0,0,0,0,0,0,3,22,1,3,0,0,2,2,4,8,4,7,2,0,0,0,14,1,0
C:\TasksFromBlinov_Java_Epam-master\TasksFromBlinov\src\onlyTests\networkProgramms\readPage\ReadDocument.java,onlyTests.networkProgramms.readPage.ReadDocument,class,0,0,0,0,5,1,0,4,0,0,NaN,NaN,1,1,1,0,0,0,1,0,0,0,0,0,0,0,0,0,0,0,0,24,0,1,2,2,1,2,0,6,0,4,2,0,0,0,23,1,0
C:\TasksFromBlinov_Java_Epam-master\TasksFromBlinov\src\onlyTests\threads\synchron\Resource.java,onlyTests.threads.synchron.Resource,class,0,2,2,0,6,1,0,5,0,0,1,1,3,0,3,0,0,0,3,0,0,1,1,0,0,1,0,0,0,0,2,28,0,0,0,2,1,5,1,1,7,1,1,0,0,0,13,1,0
C:\TasksFromBlinov_Java_Epam-master\TasksFromBlinov\src\onlyTests\threads\wait_notify\Payment.java,onlyTests.threads.wait_notify.Payment,class,0,2,2,0,6,1,0,4,0,0.375,0.6666667,1,4,0,4,0,0,0,4,0,0,1,2,0,0,2,0,0,0,0,0,27,2,1,0,1,0,2,1,3,1,3,2,0,0,0,16,1,0
C:\TasksFromBlinov_Java_Epam-master\TasksFromBlinov\src\chapter_13\task_A_11\ClientPlayer.java,chapter_13.task_A_11.ClientPlayer,class,0,0,0,0,9,1,0,12,0,0,NaN,NaN,1,1,1,0,0,0,1,0,0,0,0,0,0,0,0,0,0,0,1,46,0,1,2,3,0,6,1,10,1,6,3,0,0,0,24,1,0
C:\TasksFromBlinov_Java_Epam-master\TasksFromBlinov\src\chapter_8\task_B_4\Entity\Potato.java,chapter_8.task_B_4.Entity.Potato,class,1,2,1,1,1,3,0,0,0,0,NaN,NaN,1,0,1,0,0,0,1,0,0,0,1,1,0,1,0,0,1,0,0,6,0,0,0,0,0,0,1,1,0,1,0,0,0,0,6,1,0
C:\TasksFromBlinov_Java_Epam-master\TasksFromBlinov\src\onlyTests\threads\ExeptThread\ExceptionThreadDemo.java,onlyTests.threads.ExeptThread.ExceptionThreadDemo,class,1,1,0,1,2,1,0,3,0,0,NaN,NaN,1,1,1,0,0,0,1,0,0,0,0,0,0,0,0,0,0,0,1,11,0,0,0,0,0,1,1,1,0,1,1,0,0,0,11,1,0
C:\TasksFromBlinov_Java_Epam-master\TasksFromBlinov\src\chapter_10\task_B_13\Runner.java,chapter_10.task_B_13.Runner,class,2,2,0,2,4,1,0,8,0,0,NaN,NaN,1,1,1,0,0,0,1,0,0,0,0,0,0,0,0,0,0,0,7,16,0,1,0,0,2,2,6,6,8,6,1,0,0,0,14,1,0
C:\TasksFromBlinov_Java_Epam-master\TasksFromBlinov\src\chapter_9\task_C_4\Runner.java,chapter_9.task_C_4.Runner,class,2,2,0,2,1,1,0,4,0,0,NaN,NaN,1,1,1,0,0,0,1,0,0,0,0,0,0,0,0,0,0,0,4,7,0,0,0,0,0,3,0,0,0,0,0,0,0,0,7,1,0
C:\TasksFromBlinov_Java_Epam-master\TasksFromBlinov\src\chapter_11\task_A_4\Runner.java,chapter_11.task_A_4.Runner,class,2,2,0,2,2,1,0,4,0,0,NaN,NaN,1,1,1,0,0,0,1,0,0,0,0,0,0,0,0,0,0,0,0,37,0,0,0,1,0,10,1,10,0,10,1,0,0,0,19,1,0
C:\TasksFromBlinov_Java_Epam-master\TasksFromBlinov\src\chapter_9\task_C_4\ReaderFromFileCode.java,chapter_9.task_C_4.ReaderFromFileCode,class,0,1,1,0,6,1,0,8,0,0,1,1,3,3,3,0,0,0,3,0,0,0,1,1,0,1,0,0,0,0,2,25,1,1,0,1,0,3,2,6,1,4,2,0,0,0,19,1,0
C:\TasksFromBlinov_Java_Epam-master\TasksFromBlinov\src\onlyTests\threads\semafors\Client.java,onlyTests.threads.semafors.Client,class,2,3,1,2,3,2,0,0,3,0.6666667,0,0,3,0,3,0,0,0,3,0,0,0,2,0,0,2,0,0,0,0,0,12,1,0,0,0,0,0,0,2,0,2,0,0,0,0,8,1,0
C:\TasksFromBlinov_Java_Epam-master\TasksFromBlinov\src\onlyTests\DB\dbHelper\Abonent.java,onlyTests.DB.dbHelper.Abonent,class,1,4,3,1,7,2,0,1,0,0.42857143,0.52380955,0.71428573,7,0,7,0,0,0,7,0,0,0,2,0,0,2,0,0,0,0,0,26,3,0,0,0,0,4,0,4,1,2,0,0,0,0,11,1,0
C:\TasksFromBlinov_Java_Epam-master\TasksFromBlinov\src\onlyTests\networkProgramms\client_Server\NetServerThread.java,onlyTests.networkProgramms.client_Server.ServerThread,class,1,3,2,1,9,2,0,12,0,0,1,1,3,0,3,0,0,0,3,0,0,0,3,0,0,3,0,0,0,0,0,45,0,1,3,2,1,6,1,5,3,5,3,0,0,0,28,0,0
C:\TasksFromBlinov_Java_Epam-master\TasksFromBlinov\src\chapter_12\task_A_2\Film.java,chapter_12.task_A_2.Film,class,2,4,2,2,12,2,0,4,6,0.625,0.45454547,1,12,0,12,0,0,0,12,0,0,0,4,0,0,4,0,0,0,0,0,48,5,0,0,0,0,5,0,10,1,5,0,0,0,0,24,1,0
C:\TasksFromBlinov_Java_Epam-master\TasksFromBlinov\src\onlyTests\threads\atomic\Broker.java,onlyTests.threads.atomic.Broker,class,1,2,1,1,4,2,0,4,0,0.25,1,1,2,0,2,0,0,0,2,0,0,0,2,1,0,2,0,0,1,0,1,18,0,1,0,1,0,1,1,2,1,2,2,0,0,0,14,1,0
C:\TasksFromBlinov_Java_Epam-master\TasksFromBlinov\src\chapter_11\task_A_4_bad\Client.java,chapter_11.task_A_4_bad.Client,class,1,6,5,1,15,2,0,9,1,0.72727275,0.4909091,0.8181818,11,0,11,0,0,0,11,0,0,0,5,1,0,5,0,0,2,0,1,62,9,0,2,1,0,7,2,9,3,6,1,0,0,0,42,1,0
C:\TasksFromBlinov_Java_Epam-master\TasksFromBlinov\src\chapter_8\task_B_4\Entity\Vegetable.java,chapter_8.task_B_4.Entity.Vegetable,class,0,3,3,0,5,1,2,0,8,0.73333335,0,0,5,0,4,1,0,0,4,0,0,0,3,0,0,0,0,3,0,0,0,19,3,0,0,0,0,0,0,1,0,3,0,0,0,0,10,1025,0
C:\TasksFromBlinov_Java_Epam-master\TasksFromBlinov\src\onlyTests\Exceptions\Student.java,onlyTests.Exceptions.Student,class,0,4,4,0,8,1,0,0,0,0.65625,0.5,1,8,0,8,0,0,0,8,0,0,0,4,0,1,3,0,0,0,0,0,31,4,0,0,0,0,2,0,5,1,4,0,0,0,0,12,1,0
C:\TasksFromBlinov_Java_Epam-master\TasksFromBlinov\src\chapter_11\task_A_4\Operator.java,chapter_11.task_A_4.Operator,class,0,2,2,0,3,1,0,1,0,0,1,1,3,0,3,0,0,0,3,0,0,0,1,0,0,1,0,0,0,0,0,12,1,0,0,0,0,1,0,1,1,1,0,0,0,0,9,1,0
C:\TasksFromBlinov_Java_Epam-master\TasksFromBlinov\src\onlyTests\threads\semafors\Resour?eException.java,onlyTests.threads.semafors.Resour�,class,0,0,0,0,4,1,0,0,6,0,0,0,4,0,4,0,0,0,4,0,0,0,0,0,0,0,0,0,0,0,0,14,0,0,0,0,0,0,0,0,0,0,0,0,0,0,5,1,0
C:\TasksFromBlinov_Java_Epam-master\TasksFromBlinov\src\onlyTests\threads\demons\SimpleThread.java,onlyTests.threads.demons.SimpleThread,class,0,1,1,0,4,2,0,4,0,0,NaN,NaN,1,0,1,0,0,0,1,0,0,0,0,0,0,0,0,0,0,0,1,24,0,0,0,1,0,4,1,0,0,0,2,0,0,0,8,1,0
C:\TasksFromBlinov_Java_Epam-master\TasksFromBlinov\src\onlyTests\threads\synchron\SynchroRun.java,onlyTests.threads.synchron.SynchroRun,class,2,2,0,2,3,1,0,4,0,0,NaN,NaN,1,1,1,0,0,0,1,0,0,0,0,0,0,0,0,0,0,0,0,23,0,0,0,1,0,5,0,4,2,3,1,0,0,0,16,1,0
C:\TasksFromBlinov_Java_Epam-master\TasksFromBlinov\src\chapter_6\task_5\Model.java,chapter_6.task_5.Model,class,1,2,1,1,9,2,0,4,16,0.5,0.21428572,0.21428572,8,0,8,0,0,0,8,0,0,0,1,0,0,0,0,1,0,0,0,31,1,0,0,0,0,2,0,2,1,1,1,0,0,0,16,1,0
C:\TasksFromBlinov_Java_Epam-master\TasksFromBlinov\src\onlyTests\threads\bariers\Bid.java,onlyTests.threads.bariers.Bid,class,0,4,4,0,6,2,0,5,0,0.33333334,0.8333333,1,4,0,4,0,0,0,4,0,0,0,3,0,0,3,0,0,0,0,1,33,2,0,0,1,0,5,2,5,2,4,1,0,0,0,22,1,0
C:\TasksFromBlinov_Java_Epam-master\TasksFromBlinov\src\chapter_8\task_B_4\Entity\Tomato.java,chapter_8.task_B_4.Entity.Tomato,class,1,2,1,1,1,3,0,0,0,0,NaN,NaN,1,0,1,0,0,0,1,0,0,0,1,1,0,1,0,0,1,0,0,6,0,0,0,0,0,0,1,1,0,1,0,0,0,0,6,1,0
C:\TasksFromBlinov_Java_Epam-master\TasksFromBlinov\src\onlyTests\threads\synchron\SyncThread.java,onlyTests.threads.synchron.SyncThread,class,1,2,1,1,3,2,0,2,0,0,1,1,2,0,2,0,0,0,2,0,0,0,1,0,0,1,0,0,0,0,0,13,0,1,0,0,0,1,3,2,0,2,1,0,0,0,9,1,0
C:\TasksFromBlinov_Java_Epam-master\TasksFromBlinov\src\chapter_6\task_5\SiemensMobile.java,chapter_6.task_5.SiemensMobile,class,1,3,2,1,6,1,1,1,8,0.70000005,0.1,0.1,5,0,5,0,0,0,5,0,0,0,2,0,0,2,0,0,0,0,0,23,2,1,0,0,0,4,0,4,1,3,1,0,0,0,17,1025,0
C:\TasksFromBlinov_Java_Epam-master\TasksFromBlinov\src\chapter_10\task_B_13\CellsComparator.java,chapter_10.task_B_13.CellsComparator,class,1,2,1,1,3,1,0,5,0,0,NaN,NaN,1,0,1,0,0,0,1,0,0,0,0,0,0,0,0,0,0,0,8,13,3,0,0,0,0,0,13,6,12,6,2,0,0,0,12,1,0
C:\TasksFromBlinov_Java_Epam-master\TasksFromBlinov\src\onlyTests\DB\simpleBD\ConnectorDB.java,onlyTests.DB.simpleBD.ConnectorDB,class,0,1,1,0,1,1,0,3,0,0,NaN,NaN,1,1,1,0,0,0,1,0,0,0,0,0,0,0,0,0,0,0,2,9,1,0,0,0,0,4,0,4,0,4,0,0,0,0,15,1,0
C:\TasksFromBlinov_Java_Epam-master\TasksFromBlinov\src\onlyTests\Exceptions\FindStudent.java,onlyTests.Exceptions.FindStudent,class,1,2,1,1,6,1,0,6,1,0,0,0,2,0,2,0,0,0,2,0,0,0,0,0,0,0,0,0,0,0,0,24,2,2,0,0,0,1,1,5,0,5,2,0,0,0,14,1,0
C:\TasksFromBlinov_Java_Epam-master\TasksFromBlinov\src\onlyTests\runner.java,onlyTests.runner,class,1,1,0,1,2,1,0,1,1,0,0,0,2,1,2,0,0,0,2,0,0,0,0,0,0,0,0,0,0,0,0,8,1,0,0,0,0,0,0,0,0,0,0,0,0,0,6,1,0
C:\TasksFromBlinov_Java_Epam-master\TasksFromBlinov\src\onlyTests\threads\atomic\Market.java,onlyTests.threads.atomic.Market,class,0,2,2,0,5,2,0,4,0,0,1,1,3,0,3,0,0,0,3,0,0,0,1,0,0,1,0,0,0,0,2,23,1,1,0,1,0,0,5,2,1,2,2,0,0,0,14,1,0
C:\TasksFromBlinov_Java_Epam-master\TasksFromBlinov\src\onlyTests\threads\bariers\Auction.java,onlyTests.threads.bariers.Auction,class,1,3,2,1,4,1,0,2,0,0.5,0.6666667,1,4,0,4,0,0,0,4,0,0,0,3,0,1,2,0,0,1,0,1,29,3,0,0,0,0,0,1,3,0,3,0,2,0,0,22,1,0
C:\TasksFromBlinov_Java_Epam-master\TasksFromBlinov\src\onlyTests\threads\Priority\PriorThread.java,onlyTests.threads.Priority.PriorThread,class,0,1,1,0,4,2,0,4,1,0,0,0,2,0,2,0,0,0,2,0,0,0,0,0,0,0,0,0,0,0,1,16,0,1,0,1,0,1,3,1,1,1,2,0,0,0,10,1,0
C:\TasksFromBlinov_Java_Epam-master\TasksFromBlinov\src\onlyTests\threads\semafors\Runner.java,onlyTests.threads.semafors.Runner,class,3,3,0,3,2,1,0,1,0,0,NaN,NaN,1,1,1,0,0,0,1,0,0,0,0,0,0,0,0,0,0,0,0,18,0,1,0,0,0,0,2,3,0,3,1,1,0,0,7,1,0
C:\TasksFromBlinov_Java_Epam-master\TasksFromBlinov\src\chapter_5\task_17\Cinema.java,chapter_5.task_17.Cinema,class,1,2,1,1,8,1,0,4,0,0.42857143,0.5714286,1,7,0,7,0,0,0,7,0,0,0,2,0,0,2,0,0,0,0,0,42,3,1,0,0,1,3,0,6,3,3,1,0,1,0,16,1,0
C:\TasksFromBlinov_Java_Epam-master\TasksFromBlinov\src\chapter_10\task_B_13\BigSquare.java,chapter_10.task_B_13.BigSquare,class,3,5,2,3,18,1,0,8,12,0.6296297,0.13333334,0.13333334,9,0,6,3,0,0,6,0,0,0,3,0,0,3,0,0,0,0,17,46,4,2,0,0,8,0,20,9,26,6,3,0,0,0,25,1,0
C:\TasksFromBlinov_Java_Epam-master\TasksFromBlinov\src\chapter_11\task_A_4\Client.java,chapter_11.task_A_4.Client,class,2,4,2,2,11,2,0,12,0,0.45,0.5,0.5,4,0,2,1,1,0,4,0,0,0,5,0,0,5,0,0,0,0,3,50,2,1,2,1,1,3,5,9,5,7,3,0,0,0,33,1,0
C:\TasksFromBlinov_Java_Epam-master\TasksFromBlinov\src\onlyTests\threads\Priority\PriorityRunner.java,onlyTests.threads.Priority.PriorityRunner,class,1,1,0,1,1,1,0,2,0,0,NaN,NaN,1,1,1,0,0,0,1,0,0,0,0,0,0,0,0,0,0,0,0,13,0,0,0,0,0,3,0,3,0,3,0,0,0,0,9,1,0
C:\TasksFromBlinov_Java_Epam-master\TasksFromBlinov\src\onlyTests\networkProgramms\smallClientServer1\SmallServerSocket1.java,onlyTests.networkProgramms.smallClientServer1.SmallServerSocket1,class,0,0,0,0,5,1,0,9,0,0,NaN,NaN,1,1,1,0,0,0,1,0,0,0,0,0,0,0,0,0,0,0,0,33,0,0,2,2,0,2,1,8,1,5,3,0,0,0,21,1,0
C:\TasksFromBlinov_Java_Epam-master\TasksFromBlinov\src\onlyTests\threads\atomic\AtomicDemo.java,onlyTests.threads.atomic.AtomicDemo,class,2,2,0,2,2,1,0,1,0,0,NaN,NaN,1,1,1,0,0,0,1,0,0,0,1,1,0,1,0,0,1,0,0,10,0,1,0,0,0,0,3,3,0,3,1,0,0,0,19,1,0
C:\TasksFromBlinov_Java_Epam-master\TasksFromBlinov\src\onlyTests\DB\dbHelper\ConnectorDB.java,onlyTests.DB.dbHelper.ConnectorDB,class,0,1,1,0,1,1,0,3,0,0,NaN,NaN,1,1,1,0,0,0,1,0,0,0,0,0,0,0,0,0,0,0,2,9,1,0,0,0,0,4,0,4,0,4,0,0,0,0,15,1,0
C:\TasksFromBlinov_Java_Epam-master\TasksFromBlinov\src\chapter_8\task_B_4\Exeptions\ArgumentExeption.java,chapter_8.task_B_4.Exeptions.ArgumentExeption,class,0,2,2,0,2,4,0,0,1,0,0,0,2,0,2,0,0,0,2,0,0,0,0,0,0,0,0,0,0,0,0,7,0,0,0,0,0,0,0,0,0,0,0,0,0,0,5,1,0
C:\TasksFromBlinov_Java_Epam-master\TasksFromBlinov\src\chapter_9\task_C_4\WriterInFileNewCode.java,chapter_9.task_C_4.WriterInFileNewCode,class,0,1,1,0,3,1,0,7,0,0,NaN,NaN,1,1,1,0,0,0,1,0,0,0,0,0,0,0,0,0,0,0,0,18,0,0,0,1,0,2,0,4,2,4,2,0,0,0,24,1,0
C:\TasksFromBlinov_Java_Epam-master\TasksFromBlinov\src\onlyTests\DB\dbHelper\PreparedJDBCRunner.java,onlyTests.DB.dbHelper.PreparedJDBCRunner$Anonymous1,anonymous,1,1,0,1,1,1,0,1,0,0,NaN,NaN,0,0,0,0,0,0,1,0,0,0,0,0,0,0,0,0,0,0,0,6,0,0,0,0,0,2,4,0,0,0,0,0,0,0,2,-1,0
C:\TasksFromBlinov_Java_Epam-master\TasksFromBlinov\src\chapter_6\task_5\Mobile.java,chapter_6.task_5.Mobile,interface,0,2,2,0,5,1,0,0,10,0,0,0,5,0,5,0,0,0,5,0,0,0,0,0,0,0,0,0,0,0,0,7,0,0,0,0,0,0,0,0,0,0,0,0,0,0,9,1,0
C:\TasksFromBlinov_Java_Epam-master\TasksFromBlinov\src\onlyTests\threads\demons\DaemonsRunner.java,onlyTests.threads.demons.DaemonsRunner,class,1,1,0,1,1,1,0,3,0,0,NaN,NaN,1,1,1,0,0,0,1,0,0,0,0,0,0,0,0,0,0,0,0,10,0,0,0,0,0,1,0,2,0,2,0,0,0,0,9,1,0
C:\TasksFromBlinov_Java_Epam-master\TasksFromBlinov\src\chapter_8\task_B_4\Entity\VegUnderGround.java,chapter_8.task_B_4.Entity.VegUnderGround,class,3,6,3,3,7,2,2,1,0,0.6,0.5,0.5,5,0,4,1,0,0,4,0,0,0,2,0,0,1,0,1,0,0,0,33,0,0,0,0,0,1,3,7,4,2,1,0,0,0,18,1025,0
C:\TasksFromBlinov_Java_Epam-master\TasksFromBlinov\src\onlyTests\threads\wait_notify\PaymentRunner.java,onlyTests.threads.wait_notify.PaymentRunner,class,1,1,0,1,1,1,0,6,0,0,NaN,NaN,1,1,1,0,0,0,1,0,0,0,0,0,0,0,0,0,0,0,1,21,0,0,0,0,0,2,2,1,0,1,1,1,0,0,10,1,0
C:\TasksFromBlinov_Java_Epam-master\TasksFromBlinov\src\chapter_10\task_A_6\Runner.java,chapter_10.task_A_6.myComparator,class,0,1,1,0,1,1,0,1,0,0,NaN,NaN,1,0,1,0,0,0,1,0,0,0,0,0,0,0,0,0,0,0,0,5,1,0,0,0,0,0,0,0,1,0,0,0,0,0,4,0,0
C:\TasksFromBlinov_Java_Epam-master\TasksFromBlinov\src\onlyTests\threads\bariers\Auction.java,onlyTests.threads.bariers.Auction$Anonymous2,anonymous,1,1,0,1,1,1,0,1,0,0,NaN,NaN,1,0,1,0,0,0,1,0,0,0,0,0,0,0,0,0,0,0,0,5,1,0,0,0,0,0,0,0,1,0,0,0,0,0,3,-1,0
C:\TasksFromBlinov_Java_Epam-master\TasksFromBlinov\src\chapter_7\task_A_12\Runner.java,chapter_7.task_A_12.Runner,class,0,0,0,0,4,1,0,4,0,0,NaN,NaN,1,1,1,0,0,0,1,0,0,0,0,0,0,0,0,0,0,0,1,17,0,2,0,0,0,21,1,6,2,6,2,0,0,0,11,1,0
C:\TasksFromBlinov_Java_Epam-master\TasksFromBlinov\src\onlyTests\networkProgramms\ip\InetLogic.java,onlyTests.networkProgramms.ip.InetLogic,class,0,0,0,0,2,1,0,4,0,0,NaN,NaN,1,1,1,0,0,0,1,0,0,0,0,0,0,0,0,0,0,0,3,18,0,0,0,1,0,6,0,6,4,3,1,0,0,0,15,1,0
C:\TasksFromBlinov_Java_Epam-master\TasksFromBlinov\src\onlyTests\threads\bariers\Auction.java,onlyTests.threads.bariers.Auction$Anonymous1,anonymous,2,2,0,2,1,1,0,4,0,0,NaN,NaN,1,0,1,0,0,0,1,0,0,0,0,0,0,0,0,0,0,0,0,6,0,0,0,0,0,3,0,1,1,1,0,0,0,0,4,-1,0
C:\TasksFromBlinov_Java_Epam-master\TasksFromBlinov\src\chapter_12\task_A_2\Entity.java,chapter_12.task_A_2.Entity,class,0,3,3,0,4,1,2,0,0,0.25,0.5,0.5,4,0,4,0,0,0,4,0,0,0,1,0,0,1,0,0,0,0,0,14,1,0,0,0,0,0,0,2,0,1,0,0,0,0,6,1025,0
C:\TasksFromBlinov_Java_Epam-master\TasksFromBlinov\src\onlyTests\DB\simpleBD\Abonent.java,onlyTests.DB.simpleBD.Abonent,class,1,2,1,1,7,2,0,1,0,0.42857143,0.52380955,0.71428573,7,0,7,0,0,0,7,0,0,0,2,0,0,2,0,0,0,0,0,26,3,0,0,0,0,4,0,4,1,2,0,0,0,0,11,1,0
C:\TasksFromBlinov_Java_Epam-master\TasksFromBlinov\src\onlyTests\networkProgramms\client_Server\NetServerThread.java,onlyTests.networkProgramms.client_Server.NetServerThread,class,1,1,0,1,3,1,0,6,0,0,NaN,NaN,1,1,1,0,0,0,1,0,0,0,0,0,0,0,0,0,0,0,0,17,0,1,0,1,0,2,1,3,1,3,2,0,0,0,14,1,0
C:\TasksFromBlinov_Java_Epam-master\TasksFromBlinov\src\chapter_10\task_B_13\SmallSquare.java,chapter_10.task_B_13.SmallSquare,class,1,5,4,1,10,1,0,0,7,0.65,0.42222223,0.53333336,10,3,10,0,0,0,10,0,0,0,4,2,0,4,0,0,0,0,0,39,5,0,0,0,0,2,0,8,1,4,0,0,0,0,15,1,0
C:\TasksFromBlinov_Java_Epam-master\TasksFromBlinov\src\onlyTests\DB\simpleBD\SimpleJDBCRunner.java,onlyTests.DB.simpleBD.SimpleJDBCRunner,class,3,3,0,3,8,1,0,14,0,0,NaN,NaN,1,1,1,0,0,0,1,0,0,0,0,0,0,0,0,0,0,0,2,59,0,1,3,4,0,6,4,10,2,7,4,0,0,0,32,1,0
C:\TasksFromBlinov_Java_Epam-master\TasksFromBlinov\src\onlyTests\threads\semafors\Runner.java,onlyTests.threads.semafors.Runner$Anonymous1,anonymous,1,1,0,1,1,1,0,1,0,0,NaN,NaN,0,0,0,0,0,0,1,0,0,0,0,0,0,0,0,0,0,0,0,9,0,0,0,0,0,0,5,0,0,0,0,0,0,0,2,-1,0
C:\TasksFromBlinov_Java_Epam-master\TasksFromBlinov\src\onlyTests\DB\dbHelper\PreparedJDBCRunner.java,onlyTests.DB.dbHelper.PreparedJDBCRunner,class,2,2,0,2,3,1,0,4,0,0,NaN,NaN,1,1,1,0,0,0,1,0,0,0,0,0,0,0,0,0,0,0,0,26,0,1,0,1,0,0,0,5,0,3,2,1,0,0,23,1,0
C:\TasksFromBlinov_Java_Epam-master\TasksFromBlinov\src\onlyTests\Exceptions\MainTest.java,onlyTests.Exceptions.MainTest$Anonymous3,anonymous,0,0,0,0,1,1,0,1,0,0,NaN,NaN,0,0,0,0,0,0,1,0,0,0,0,0,0,0,0,0,0,0,0,7,0,0,0,0,0,3,3,0,0,0,0,0,0,0,0,-1,0
C:\TasksFromBlinov_Java_Epam-master\TasksFromBlinov\src\onlyTests\threads\wait_notify\PaymentRunner.java,onlyTests.threads.wait_notify.PaymentRunner$Anonymous1,anonymous,1,1,0,1,1,1,0,1,0,0,NaN,NaN,1,0,1,0,0,0,1,0,0,0,0,0,0,0,0,0,0,0,0,5,0,0,0,0,0,0,0,0,0,0,0,0,0,0,1,-1,0
C:\TasksFromBlinov_Java_Epam-master\TasksFromBlinov\src\chapter_11\task_A_4_bad\Operator.java,chapter_11.task_A_4_bad.Operator,class,2,3,1,2,5,2,0,9,0,0,1,1,2,0,2,0,0,0,2,0,0,0,1,0,0,1,0,0,0,0,4,27,0,1,0,2,0,4,2,2,2,2,2,0,0,0,17,1,0
C:\TasksFromBlinov_Java_Epam-master\TasksFromBlinov\src\onlyTests\Exceptions\MainTest.java,onlyTests.Exceptions.MainTest$Anonymous1,anonymous,1,1,0,1,1,1,0,1,0,0,NaN,NaN,0,0,0,0,0,0,1,0,0,0,0,0,0,0,0,0,0,0,0,8,0,0,0,0,0,4,4,0,0,0,0,0,0,0,2,-1,0
C:\TasksFromBlinov_Java_Epam-master\TasksFromBlinov\src\onlyTests\Exceptions\MainTest.java,onlyTests.Exceptions.MainTest$Anonymous2,anonymous,1,1,0,1,1,1,0,2,0,0,NaN,NaN,1,0,1,0,0,0,1,0,0,0,0,0,0,0,0,0,0,0,1,5,1,0,0,0,0,0,0,0,0,0,0,0,0,0,3,-1,0
C:\TasksFromBlinov_Java_Epam-master\TasksFromBlinov\src\chapter_8\task_B_4\Entity\Cucumber.java,chapter_8.task_B_4.Entity.Cucumber,class,1,2,1,1,1,3,0,0,0,0,NaN,NaN,1,0,1,0,0,0,1,0,0,0,1,1,1,0,0,0,1,0,0,6,0,0,0,0,0,0,1,1,0,1,0,0,0,0,6,1,0
C:\TasksFromBlinov_Java_Epam-master\TasksFromBlinov\src\chapter_8\task_B_4\Entity\Salad.java,chapter_8.task_B_4.Entity.Salad,class,1,2,1,1,8,1,0,3,0,0.16666667,0.6666667,0.6666667,6,0,6,0,0,0,6,0,0,0,1,0,0,1,0,0,0,0,0,28,2,2,0,0,0,0,3,7,2,3,1,0,0,0,13,1,0
C:\TasksFromBlinov_Java_Epam-master\TasksFromBlinov\src\onlyTests\networkProgramms\client_Server\NetClient.java,onlyTests.networkProgramms.client_Server.NetClient,class,0,0,0,0,9,1,0,9,0,0,NaN,NaN,1,1,1,0,0,0,1,0,0,0,0,0,0,0,0,0,0,0,2,43,0,1,2,3,0,4,4,6,3,4,3,0,0,0,25,1,0
C:\TasksFromBlinov_Java_Epam-master\TasksFromBlinov\src\chapter_7\task_A_28\Runner.java,chapter_7.task_A_28.Runner,class,0,0,0,0,4,1,0,9,0,0,NaN,NaN,1,1,1,0,0,0,1,0,0,0,0,0,0,0,0,0,0,0,3,20,0,1,0,0,0,13,9,8,3,6,3,0,0,0,139,1,0
C:\TasksFromBlinov_Java_Epam-master\TasksFromBlinov\src\onlyTests\Exceptions\MyException.java,onlyTests.Exceptions.MyException,class,0,0,0,0,1,3,0,0,0,0,NaN,NaN,1,0,1,0,0,0,1,0,0,0,0,0,0,0,0,0,0,0,0,5,0,0,0,0,0,0,0,0,0,0,0,0,0,0,3,1,0
C:\TasksFromBlinov_Java_Epam-master\TasksFromBlinov\src\onlyTests\networkProgramms\informAboutPage\ConnectionDemo.java,onlyTests.networkProgramms.informAboutPage.ConnectionDemo,class,0,0,0,0,3,1,0,6,0,0,NaN,NaN,1,1,1,0,0,0,1,0,0,0,0,0,0,0,0,0,0,0,0,19,0,0,0,1,0,3,1,4,1,4,1,0,0,0,19,1,0
C:\TasksFromBlinov_Java_Epam-master\TasksFromBlinov\src\chapter_10\task_A_6\Runner.java,chapter_10.task_A_6.Runner,class,1,1,0,1,2,1,0,4,0,0,NaN,NaN,1,1,1,0,0,0,1,0,0,0,0,0,0,0,0,0,0,0,2,11,0,1,0,0,0,17,0,3,1,3,1,0,0,0,10,1,0
C:\TasksFromBlinov_Java_Epam-master\TasksFromBlinov\src\chapter_8\task_B_4\Entity\Bakladzhan.java,chapter_8.task_B_4.Entity.Bakladzhan,class,1,2,1,1,1,3,0,0,0,0,NaN,NaN,1,0,1,0,0,0,1,0,0,0,1,1,0,1,0,0,1,0,0,6,0,0,0,0,0,0,1,1,0,1,0,0,0,0,6,1,0
C:\TasksFromBlinov_Java_Epam-master\TasksFromBlinov\src\chapter_11\task_A_4_bad\RunnerCallCentre.java,chapter_11.task_A_4_bad.RunnerCallCentre,class,3,3,0,3,2,1,0,1,0,0,NaN,NaN,1,1,1,0,0,0,1,0,0,0,0,0,0,0,0,0,0,0,0,19,0,1,0,0,0,0,0,2,0,2,1,1,0,0,12,1,0
C:\TasksFromBlinov_Java_Epam-master\TasksFromBlinov\src\chapter_8\task_B_4\Entity\VegOnGround.java,chapter_8.task_B_4.Entity.VegOnGround,class,3,7,4,3,8,2,3,1,3,0.5833333,0.3,0.3,6,0,5,1,0,0,5,0,0,0,2,0,0,2,0,0,0,0,0,36,0,0,0,0,0,1,3,8,4,2,1,0,0,0,18,1025,0
C:\TasksFromBlinov_Java_Epam-master\TasksFromBlinov\src\onlyTests\Exceptions\MainTest.java,onlyTests.Exceptions.MainTest,class,2,2,0,2,1,1,0,5,0,0,NaN,NaN,1,1,1,0,0,0,1,0,0,0,0,0,0,0,0,0,0,0,1,37,0,0,0,0,0,0,2,7,0,7,0,3,0,0,12,1,0
C:\TasksFromBlinov_Java_Epam-master\TasksFromBlinov\src\onlyTests\threads\semafors\AudioChannel.java,onlyTests.threads.semafors.AudioChannel,class,0,3,3,0,5,1,0,3,6,0.8333333,0,0,4,0,2,0,0,2,4,0,0,0,3,0,2,1,0,0,0,0,1,19,0,0,0,1,0,0,1,0,0,3,1,0,0,0,9,1,0
C:\TasksFromBlinov_Java_Epam-master\TasksFromBlinov\src\chapter_13\task_A_11\Server.java,chapter_13.task_A_11.ServerThread,class,2,4,2,2,15,2,0,14,0,0.11111111,1,1,3,0,3,0,0,0,3,0,0,0,3,0,0,3,0,0,0,0,4,73,0,1,4,2,1,24,4,11,9,10,4,0,0,0,48,0,0
C:\TasksFromBlinov_Java_Epam-master\TasksFromBlinov\src\chapter_12\task_A_2\Runner.java,chapter_12.task_A_2.Runner,class,2,2,0,2,5,1,0,8,0,0,NaN,NaN,1,1,1,0,0,0,1,0,0,0,0,0,0,0,0,0,0,0,0,22,0,4,0,0,0,3,0,1,0,1,1,0,0,0,8,1,0
C:\TasksFromBlinov_Java_Epam-master\TasksFromBlinov\src\chapter_12\task_A_2\FilmsDao.java,chapter_12.task_A_2.FilmsDao,class,5,7,2,5,16,1,0,30,30,0.8518519,0,0,9,1,5,4,0,0,5,0,0,0,6,5,5,0,0,1,5,0,2,104,7,3,0,3,0,19,3,27,5,19,2,0,0,0,76,1,0
C:\TasksFromBlinov_Java_Epam-master\TasksFromBlinov\src\chapter_5\task_17\Runner.java,chapter_5.task_17.Runner,class,1,1,0,1,1,1,0,3,0,0,NaN,NaN,1,1,1,0,0,0,1,0,0,0,0,0,0,0,0,0,0,0,11,21,0,0,0,0,0,25,33,3,0,3,0,0,0,0,7,1,0
C:\TasksFromBlinov_Java_Epam-master\TasksFromBlinov\src\onlyTests\networkProgramms\smallClientServer1\SmallClientSocket1.java,onlyTests.networkProgramms.smallClientServer1.SmallClientSocket1,class,0,0,0,0,7,1,0,10,0,0,NaN,NaN,1,1,1,0,0,0,1,0,0,0,0,0,0,0,0,0,0,0,0,40,0,0,3,3,0,3,1,7,1,4,3,0,0,0,20,1,0
C:\TasksFromBlinov_Java_Epam-master\TasksFromBlinov\src\onlyTests\DB\simpleBD\Entity.java,onlyTests.DB.simpleBD.Entity,class,0,1,1,0,4,1,1,0,0,0.25,0.5,0.5,4,0,4,0,0,0,4,0,0,0,1,0,0,1,0,0,0,0,0,14,1,0,0,0,0,0,0,2,0,1,0,0,0,0,6,1025,0
C:\TasksFromBlinov_Java_Epam-master\TasksFromBlinov\src\chapter_11\task_A_4_bad\RunnerCallCentre.java,chapter_11.task_A_4_bad.RunnerCallCentre$Anonymous1,anonymous,1,1,0,1,1,1,0,1,0,0,NaN,NaN,0,0,0,0,0,0,1,0,0,0,0,0,0,0,0,0,0,0,0,9,0,0,0,0,0,0,15,0,0,0,0,0,0,0,2,-1,0
C:\TasksFromBlinov_Java_Epam-master\TasksFromBlinov\src\chapter_8\task_B_4\Runner.java,chapter_8.task_B_4.Runner,class,6,6,0,6,6,1,0,14,0,0,NaN,NaN,1,1,1,0,0,0,1,0,0,0,0,0,0,0,0,0,0,0,0,35,0,1,1,1,0,1,10,7,0,6,3,0,0,0,24,1,0
C:\TasksFromBlinov_Java_Epam-master\TasksFromBlinov\src\onlyTests\threads\semafors\ChannelPool.java,onlyTests.threads.semafors.ChannelPool,class,1,3,2,1,3,1,0,3,1,0.6666667,0.33333334,0.33333334,3,0,3,0,0,0,3,0,0,0,3,1,0,3,0,0,3,0,0,14,0,0,0,0,0,0,1,3,0,3,0,0,0,0,22,1,0
C:\TasksFromBlinov_Java_Epam-master\TasksFromBlinov\src\chapter_9\task_A_5\Runner.java,chapter_9.task_A_5.Runner,class,1,2,1,1,10,1,0,10,1,0,NaN,NaN,2,2,1,1,0,0,1,0,0,0,0,0,0,0,0,0,0,0,1,41,1,2,2,2,1,3,1,8,1,5,3,0,0,0,23,1,0
C:\TasksFromBlinov_Java_Epam-master\TasksFromBlinov\src\chapter_12\task_A_2\ConnectorDB.java,chapter_12.task_A_2.ConnectorDB,class,0,1,1,0,15,1,0,8,0,0.2,0.6,0.6,5,0,5,0,0,0,5,0,0,0,1,0,0,1,0,0,0,0,2,56,2,0,6,3,0,10,0,7,4,7,2,0,0,0,31,1,0
C:\TasksFromBlinov_Java_Epam-master\TasksFromBlinov\src\chapter_8\task_B_4\Entity\Carrot.java,chapter_8.task_B_4.Entity.Carrot,class,1,2,1,1,1,3,0,0,0,0,NaN,NaN,1,0,1,0,0,0,1,0,0,0,1,1,0,1,0,0,1,0,0,6,0,0,0,0,0,0,1,1,0,1,0,0,0,0,6,1,0
C:\TasksFromBlinov_Java_Epam-master\TasksFromBlinov\src\chapter_11\task_A_4_bad\WaitQueue.java,chapter_11.task_A_4_bad.WaitQueue,class,1,3,2,1,2,1,0,1,0,0,1,1,2,0,2,0,0,0,2,0,0,0,1,1,1,0,0,0,1,0,0,9,1,0,0,0,0,0,0,1,0,1,0,0,0,0,7,1,0
C:\TasksFromBlinov_Java_Epam-master\TasksFromBlinov\src\onlyTests\threads\ExeptThread\ExceptThread.java,onlyTests.threads.ExeptThread.ExceptThread,class,0,1,1,0,2,2,0,3,0,0,NaN,NaN,1,0,1,0,0,0,1,0,0,0,0,0,0,0,0,0,0,0,1,11,0,0,0,1,0,1,1,0,0,0,1,0,0,0,7,1,0
C:\TasksFromBlinov_Java_Epam-master\TasksFromBlinov\src\chapter_12\task_A_2\Actor.java,chapter_12.task_A_2.Actor,class,1,3,2,1,8,2,0,2,0,0.375,0.60714287,0.75,8,0,8,0,0,0,8,0,0,0,2,0,0,2,0,0,0,0,0,31,3,0,0,0,0,4,0,7,1,3,0,0,0,0,17,1,0
C:\TasksFromBlinov_Java_Epam-master\TasksFromBlinov\src\onlyTests\DB\dbHelper\DataBaseHelper.java,onlyTests.DB.dbHelper.DataBaseHelper,class,3,4,1,3,8,1,0,10,4,0.625,0.16666667,0.16666667,4,0,4,0,0,0,4,0,0,0,2,1,0,2,0,0,1,0,1,41,2,0,1,3,0,1,3,6,0,4,2,0,0,0,34,1,0
C:\TasksFromBlinov_Java_Epam-master\TasksFromBlinov\src\chapter_5\task_17\Cinema.java,chapter_5.task_17.Cinema$Film,innerclass,0,0,0,0,2,1,0,0,0,0,1,1,2,0,2,0,0,0,2,0,0,0,3,0,0,3,0,0,0,0,0,13,1,0,0,0,0,3,0,3,1,3,0,0,0,0,6,2,0
C:\TasksFromBlinov_Java_Epam-master\TasksFromBlinov\src\chapter_6\task_5\Runner.java,chapter_6.task_5.Runner,class,3,3,0,3,1,1,0,3,0,0,NaN,NaN,1,1,1,0,0,0,1,0,0,0,0,0,0,0,0,0,0,0,0,9,0,0,0,0,0,3,0,1,0,1,0,0,0,0,7,1,0
C:\TasksFromBlinov_Java_Epam-master\TasksFromBlinov\src\onlyTests\DB\dbHelper\Entity.java,onlyTests.DB.dbHelper.Entity,class,0,2,2,0,4,1,1,0,0,0.25,0.5,0.5,4,0,4,0,0,0,4,0,0,0,1,0,0,1,0,0,0,0,0,14,1,0,0,0,0,0,0,2,0,1,0,0,0,0,6,1025,0
C:\TasksFromBlinov_Java_Epam-master\TasksFromBlinov\src\onlyTests\threads\bariers\AuctionRunner.java,onlyTests.threads.bariers.AuctionRunner,class,2,2,0,2,2,1,0,4,0,0,NaN,NaN,1,1,1,0,0,0,1,0,0,0,0,0,0,0,0,0,0,0,0,11,0,1,0,0,0,0,2,4,0,4,1,0,0,0,11,1,0
