file,class,method,variable,usage
C:\TasksFromBlinov_Java_Epam-master\src\main\java\name\paulevans\distcmdfrmwk\CommandExecutor.java,name.paulevans.distcmdfrmwk.CommandExecutor,executeCommand/1[name.paulevans.distcmdfrmwk.Command],pCommand,1
C:\TasksFromBlinov_Java_Epam-master\src\main\java\name\paulevans\distcmdfrmwk\CommandExecutor.java,name.paulevans.distcmdfrmwk.CommandExecutor,executeCommand/1[name.paulevans.distcmdfrmwk.Command],pAny,3
C:\TasksFromBlinov_Java_Epam-master\src\test\unittest\java\name\paulevans\distcmdfrmwk\client\ClientCommandStub.java,name.paulevans.distcmdfrmwk.client.ClientCommandStub,setClientCommandDelegate/1[name.paulevans.distcmdfrmwk.client.cmddelgt.ClientCommandDelegate],pClientCommandDelegate,0
C:\TasksFromBlinov_Java_Epam-master\src\test\unittest\java\name\paulevans\distcmdfrmwk\CommandProcessingExceptionTest.java,name.paulevans.distcmdfrmwk.CommandProcessingExceptionTest,testCommandProcessingException/0,cmdProcessingException,4
C:\TasksFromBlinov_Java_Epam-master\src\test\unittest\java\name\paulevans\distcmdfrmwk\CommandProcessingExceptionTest.java,name.paulevans.distcmdfrmwk.CommandProcessingExceptionTest,testCommandProcessingException/0,cause,2
C:\TasksFromBlinov_Java_Epam-master\src\main\java\name\paulevans\distcmdfrmwk\client\cmddelgt\soapws\spring\MarshallingSoapWsDelegate.java,name.paulevans.distcmdfrmwk.client.cmddelgt.soapws.spring.MarshallingSoapWsDelegate$Anonymous1,doWithMessage/1[name.paulevans.distcmdfrmwk.client.cmddelgt.soapws.spring.WebServiceMessage],pMessage,1
C:\TasksFromBlinov_Java_Epam-master\src\main\java\name\paulevans\distcmdfrmwk\client\cmddelgt\soapws\spring\MarshallingSoapWsDelegate.java,name.paulevans.distcmdfrmwk.client.cmddelgt.soapws.spring.MarshallingSoapWsDelegate,execute/1[name.paulevans.distcmdfrmwk.client.ClientCommand],pSoapFaultClientException,2
C:\TasksFromBlinov_Java_Epam-master\src\main\java\name\paulevans\distcmdfrmwk\client\cmddelgt\soapws\spring\MarshallingSoapWsDelegate.java,name.paulevans.distcmdfrmwk.client.cmddelgt.soapws.spring.MarshallingSoapWsDelegate,execute/1[name.paulevans.distcmdfrmwk.client.ClientCommand],pCommand,1
C:\TasksFromBlinov_Java_Epam-master\src\main\java\name\paulevans\distcmdfrmwk\client\cmddelgt\soapws\spring\MarshallingSoapWsDelegate.java,name.paulevans.distcmdfrmwk.client.cmddelgt.soapws.spring.MarshallingSoapWsDelegate,setWebServiceOperations/1[name.paulevans.distcmdfrmwk.client.cmddelgt.soapws.spring.WebServiceOperations],pWsOperations,1
C:\TasksFromBlinov_Java_Epam-master\src\main\java\name\paulevans\distcmdfrmwk\client\cmddelgt\soapws\spring\MarshallingSoapWsDelegate.java,name.paulevans.distcmdfrmwk.client.cmddelgt.soapws.spring.MarshallingSoapWsDelegate,setSoapAction/1[java.lang.String],pSoapAction,1
C:\TasksFromBlinov_Java_Epam-master\src\test\unittest\java\name\paulevans\distcmdfrmwk\client\cmddelgt\soapws\spring\MarshallingSoapWsDelegateTest.java,name.paulevans.distcmdfrmwk.client.cmddelgt.soapws.spring.MarshallingSoapWsDelegateTest,testSetSoapAction/0,any,0
C:\TasksFromBlinov_Java_Epam-master\src\test\unittest\java\name\paulevans\distcmdfrmwk\client\cmddelgt\soapws\spring\MarshallingSoapWsDelegateTest.java,name.paulevans.distcmdfrmwk.client.cmddelgt.soapws.spring.MarshallingSoapWsDelegateTest,testExecute/0,result,1
C:\TasksFromBlinov_Java_Epam-master\src\test\unittest\java\name\paulevans\distcmdfrmwk\client\cmddelgt\soapws\spring\MarshallingSoapWsDelegateTest.java,name.paulevans.distcmdfrmwk.client.cmddelgt.soapws.spring.MarshallingSoapWsDelegateTest,testExecute/0,wsOpsMock,5
C:\TasksFromBlinov_Java_Epam-master\src\test\unittest\java\name\paulevans\distcmdfrmwk\client\cmddelgt\soapws\spring\MarshallingSoapWsDelegateTest.java,name.paulevans.distcmdfrmwk.client.cmddelgt.soapws.spring.MarshallingSoapWsDelegateTest,testExecute/0,configuredResult,2
C:\TasksFromBlinov_Java_Epam-master\src\test\unittest\java\name\paulevans\distcmdfrmwk\client\cmddelgt\soapws\spring\MarshallingSoapWsDelegateTest.java,name.paulevans.distcmdfrmwk.client.cmddelgt.soapws.spring.MarshallingSoapWsDelegateTest,testExecute_soapClientFault/0,wsOpsMock,5
C:\TasksFromBlinov_Java_Epam-master\src\test\unittest\java\name\paulevans\distcmdfrmwk\client\cmddelgt\soapws\spring\MarshallingSoapWsDelegateTest.java,name.paulevans.distcmdfrmwk.client.cmddelgt.soapws.spring.MarshallingSoapWsDelegateTest,testExecute_soapClientFault/0,pClientCmdDelegateException,0
C:\TasksFromBlinov_Java_Epam-master\src\test\unittest\java\name\paulevans\distcmdfrmwk\client\cmddelgt\soapws\spring\MarshallingSoapWsDelegateTest.java,name.paulevans.distcmdfrmwk.client.cmddelgt.soapws.spring.MarshallingSoapWsDelegateTest,testSetWebServiceOperations/0,any,0
C:\TasksFromBlinov_Java_Epam-master\src\test\unittest\java\name\paulevans\distcmdfrmwk\server\cmdendpoint\ws\SpringMarshallingPayloadEndpointTest.java,name.paulevans.distcmdfrmwk.server.cmdendpoint.ws.SpringMarshallingPayloadEndpointTest,testInvokeInternal/0,mockCmd,3
C:\TasksFromBlinov_Java_Epam-master\src\test\unittest\java\name\paulevans\distcmdfrmwk\server\cmdendpoint\ws\SpringMarshallingPayloadEndpointTest.java,name.paulevans.distcmdfrmwk.server.cmdendpoint.ws.SpringMarshallingPayloadEndpointTest,testInvokeInternal/0,configuredExpectedResults,3
C:\TasksFromBlinov_Java_Epam-master\src\test\unittest\java\name\paulevans\distcmdfrmwk\server\cmdendpoint\ws\SpringMarshallingPayloadEndpointTest.java,name.paulevans.distcmdfrmwk.server.cmdendpoint.ws.SpringMarshallingPayloadEndpointTest,testInvokeInternal/0,results,3
C:\TasksFromBlinov_Java_Epam-master\src\test\unittest\java\name\paulevans\distcmdfrmwk\server\cmdendpoint\ws\SpringMarshallingPayloadEndpointTest.java,name.paulevans.distcmdfrmwk.server.cmdendpoint.ws.SpringMarshallingPayloadEndpointTest,testInvokeInternal/0,any,0
C:\TasksFromBlinov_Java_Epam-master\src\test\unittest\java\name\paulevans\distcmdfrmwk\server\cmdendpoint\ws\SpringMarshallingPayloadEndpointTest.java,name.paulevans.distcmdfrmwk.server.cmdendpoint.ws.SpringMarshallingPayloadEndpointTest,testInvokeInternal/0,mockCmdExecutor,5
C:\TasksFromBlinov_Java_Epam-master\src\test\unittest\java\name\paulevans\distcmdfrmwk\CommandExecutorTest.java,name.paulevans.distcmdfrmwk.CommandExecutorTest,testException/0,exc,0
C:\TasksFromBlinov_Java_Epam-master\src\test\unittest\java\name\paulevans\distcmdfrmwk\CommandExecutorTest.java,name.paulevans.distcmdfrmwk.CommandExecutorTest,testException/0,mockCmd,3
C:\TasksFromBlinov_Java_Epam-master\src\test\unittest\java\name\paulevans\distcmdfrmwk\CommandExecutorTest.java,name.paulevans.distcmdfrmwk.CommandExecutorTest,testExecuteCommand/0,mockCmd,4
C:\TasksFromBlinov_Java_Epam-master\src\test\unittest\java\name\paulevans\distcmdfrmwk\CommandExecutorTest.java,name.paulevans.distcmdfrmwk.CommandExecutorTest,testExecuteCommand/0,cmdResults,1
C:\TasksFromBlinov_Java_Epam-master\src\test\unittest\java\name\paulevans\distcmdfrmwk\CommandExecutorTest.java,name.paulevans.distcmdfrmwk.CommandExecutorTest,testCmdProccessingException/0,exc,0
C:\TasksFromBlinov_Java_Epam-master\src\test\unittest\java\name\paulevans\distcmdfrmwk\CommandExecutorTest.java,name.paulevans.distcmdfrmwk.CommandExecutorTest,testCmdProccessingException/0,mockCmd,3
C:\TasksFromBlinov_Java_Epam-master\src\main\java\name\paulevans\distcmdfrmwk\client\cmddelgt\ClientCommandDelegateException.java,name.paulevans.distcmdfrmwk.client.cmddelgt.ClientCommandDelegateException,ClientCommandDelegateException/1[java.lang.Throwable],pCause,1
C:\TasksFromBlinov_Java_Epam-master\src\main\java\name\paulevans\distcmdfrmwk\client\cmddelgt\ClientCommandDelegateException.java,name.paulevans.distcmdfrmwk.client.cmddelgt.ClientCommandDelegateException,"ClientCommandDelegateException/2[java.lang.String,java.lang.Throwable]",pMessage,1
C:\TasksFromBlinov_Java_Epam-master\src\main\java\name\paulevans\distcmdfrmwk\client\cmddelgt\ClientCommandDelegateException.java,name.paulevans.distcmdfrmwk.client.cmddelgt.ClientCommandDelegateException,"ClientCommandDelegateException/2[java.lang.String,java.lang.Throwable]",pCause,1
C:\TasksFromBlinov_Java_Epam-master\src\test\unittest\java\name\paulevans\distcmdfrmwk\client\cmddelgt\local\LocalDelegateTest.java,name.paulevans.distcmdfrmwk.client.cmddelgt.local.LocalDelegateTest,testProperMapping/0,object,2
C:\TasksFromBlinov_Java_Epam-master\src\test\unittest\java\name\paulevans\distcmdfrmwk\client\cmddelgt\local\LocalDelegateTest.java,name.paulevans.distcmdfrmwk.client.cmddelgt.local.LocalDelegateTest,testAbsentMapping/0,any,0
C:\TasksFromBlinov_Java_Epam-master\src\main\java\name\paulevans\distcmdfrmwk\client\cmddelgt\ClientCommandDelegate.java,name.paulevans.distcmdfrmwk.client.cmddelgt.ClientCommandDelegate,execute/1[name.paulevans.distcmdfrmwk.client.ClientCommand],pCommand,0
C:\TasksFromBlinov_Java_Epam-master\src\test\unittest\java\name\paulevans\distcmdfrmwk\client\cmddelgt\ClientCommandDelegateExceptionTest.java,name.paulevans.distcmdfrmwk.client.cmddelgt.ClientCommandDelegateExceptionTest,testCommandProcessingException/0,clientCmdDelegateException,4
C:\TasksFromBlinov_Java_Epam-master\src\test\unittest\java\name\paulevans\distcmdfrmwk\client\cmddelgt\ClientCommandDelegateExceptionTest.java,name.paulevans.distcmdfrmwk.client.cmddelgt.ClientCommandDelegateExceptionTest,testCommandProcessingException/0,cause,2
C:\TasksFromBlinov_Java_Epam-master\src\main\java\name\paulevans\distcmdfrmwk\server\cmdendpoint\ws\SpringMarshallingPayloadEndpoint.java,name.paulevans.distcmdfrmwk.server.cmdendpoint.ws.SpringMarshallingPayloadEndpoint,setCommandExecutor/1[name.paulevans.distcmdfrmwk.CommandExecutor],pCmdExecutor,1
C:\TasksFromBlinov_Java_Epam-master\src\main\java\name\paulevans\distcmdfrmwk\server\cmdendpoint\ws\SpringMarshallingPayloadEndpoint.java,name.paulevans.distcmdfrmwk.server.cmdendpoint.ws.SpringMarshallingPayloadEndpoint,invokeInternal/1[java.lang.Object],commandResult,3
C:\TasksFromBlinov_Java_Epam-master\src\main\java\name\paulevans\distcmdfrmwk\server\cmdendpoint\ws\SpringMarshallingPayloadEndpoint.java,name.paulevans.distcmdfrmwk.server.cmdendpoint.ws.SpringMarshallingPayloadEndpoint,invokeInternal/1[java.lang.Object],pUnmarshaledRequest,1
C:\TasksFromBlinov_Java_Epam-master\src\main\java\name\paulevans\distcmdfrmwk\server\cmdendpoint\ws\SpringMarshallingPayloadEndpoint.java,name.paulevans.distcmdfrmwk.server.cmdendpoint.ws.SpringMarshallingPayloadEndpoint,invokeInternal/1[java.lang.Object],command,3
C:\TasksFromBlinov_Java_Epam-master\src\main\java\name\paulevans\distcmdfrmwk\client\cmddelgt\local\LocalDelegate.java,name.paulevans.distcmdfrmwk.client.cmddelgt.local.LocalDelegate,getServerCommand/1[name.paulevans.distcmdfrmwk.client.ClientCommand],serverCmdClass,2
C:\TasksFromBlinov_Java_Epam-master\src\main\java\name\paulevans\distcmdfrmwk\client\cmddelgt\local\LocalDelegate.java,name.paulevans.distcmdfrmwk.client.cmddelgt.local.LocalDelegate,getServerCommand/1[name.paulevans.distcmdfrmwk.client.ClientCommand],pClientCmd,2
C:\TasksFromBlinov_Java_Epam-master\src\main\java\name\paulevans\distcmdfrmwk\client\cmddelgt\local\LocalDelegate.java,name.paulevans.distcmdfrmwk.client.cmddelgt.local.LocalDelegate,getServerCommand/1[name.paulevans.distcmdfrmwk.client.ClientCommand],serverCmd,3
C:\TasksFromBlinov_Java_Epam-master\src\main\java\name\paulevans\distcmdfrmwk\client\cmddelgt\local\LocalDelegate.java,name.paulevans.distcmdfrmwk.client.cmddelgt.local.LocalDelegate,getServerCommand/1[name.paulevans.distcmdfrmwk.client.ClientCommand],any,1
C:\TasksFromBlinov_Java_Epam-master\src\main\java\name\paulevans\distcmdfrmwk\client\cmddelgt\local\LocalDelegate.java,name.paulevans.distcmdfrmwk.client.cmddelgt.local.LocalDelegate,"addMapping/2[java.lang.Class<? extends name.paulevans.distcmdfrmwk.client.ClientCommand>,java.lang.Class<? extends name.paulevans.distcmdfrmwk.Command>]",pServerCmd,1
C:\TasksFromBlinov_Java_Epam-master\src\main\java\name\paulevans\distcmdfrmwk\client\cmddelgt\local\LocalDelegate.java,name.paulevans.distcmdfrmwk.client.cmddelgt.local.LocalDelegate,"addMapping/2[java.lang.Class<? extends name.paulevans.distcmdfrmwk.client.ClientCommand>,java.lang.Class<? extends name.paulevans.distcmdfrmwk.Command>]",pClientCmd,1
C:\TasksFromBlinov_Java_Epam-master\src\main\java\name\paulevans\distcmdfrmwk\client\cmddelgt\local\LocalDelegate.java,name.paulevans.distcmdfrmwk.client.cmddelgt.local.LocalDelegate,execute/1[name.paulevans.distcmdfrmwk.client.ClientCommand],serverCommand,1
C:\TasksFromBlinov_Java_Epam-master\src\main\java\name\paulevans\distcmdfrmwk\client\cmddelgt\local\LocalDelegate.java,name.paulevans.distcmdfrmwk.client.cmddelgt.local.LocalDelegate,execute/1[name.paulevans.distcmdfrmwk.client.ClientCommand],pCommand,1
C:\TasksFromBlinov_Java_Epam-master\src\main\java\name\paulevans\distcmdfrmwk\client\ClientCommand.java,name.paulevans.distcmdfrmwk.client.ClientCommand,setClientCommandDelegate/1[name.paulevans.distcmdfrmwk.client.cmddelgt.ClientCommandDelegate],pClientCommandDelegate,0
C:\TasksFromBlinov_Java_Epam-master\src\main\java\name\paulevans\distcmdfrmwk\CommandProcessingException.java,name.paulevans.distcmdfrmwk.CommandProcessingException,"CommandProcessingException/2[java.lang.String,java.lang.Throwable]",pMessage,1
C:\TasksFromBlinov_Java_Epam-master\src\main\java\name\paulevans\distcmdfrmwk\CommandProcessingException.java,name.paulevans.distcmdfrmwk.CommandProcessingException,"CommandProcessingException/2[java.lang.String,java.lang.Throwable]",pCause,1
C:\TasksFromBlinov_Java_Epam-master\src\main\java\name\paulevans\distcmdfrmwk\CommandProcessingException.java,name.paulevans.distcmdfrmwk.CommandProcessingException,CommandProcessingException/1[java.lang.Throwable],pCause,1
C:\TasksFromBlinov_Java_Epam-master\src\main\java\name\paulevans\distcmdfrmwk\CommandProcessingException.java,name.paulevans.distcmdfrmwk.CommandProcessingException,CommandProcessingException/1[java.lang.String],pMessage,1
