file,class,type,cbo,cboModified,fanin,fanout,wmc,dit,noc,rfc,lcom,lcom*,tcc,lcc,totalMethodsQty,staticMethodsQty,publicMethodsQty,privateMethodsQty,protectedMethodsQty,defaultMethodsQty,visibleMethodsQty,abstractMethodsQty,finalMethodsQty,synchronizedMethodsQty,totalFieldsQty,staticFieldsQty,publicFieldsQty,privateFieldsQty,protectedFieldsQty,defaultFieldsQty,finalFieldsQty,synchronizedFieldsQty,nosi,loc,returnQty,loopQty,comparisonsQty,tryCatchQty,parenthesizedExpsQty,stringLiteralsQty,numbersQty,assignmentsQty,mathOperationsQty,variablesQty,maxNestedBlocksQty,anonymousClassesQty,innerClassesQty,lambdasQty,uniqueWordsQty,modifiers,logStatementsQty
C:\Users\draj0.CHANDRIKAV\Downloads\joda-time-main\joda-time-main\src\main\java\org\joda\time\DateTimeZone.java,org.joda.time.DateTimeZone,class,18,97,79,18,158,1,7,84,957,0.9429349,0.025604552,0.025604552,46,20,36,8,2,0,38,7,4,0,8,7,2,6,0,0,8,0,54,615,64,1,53,11,13,35,43,114,46,78,4,0,2,0,552,1025,0
C:\Users\draj0.CHANDRIKAV\Downloads\joda-time-main\joda-time-main\src\main\java\org\joda\time\tz\DateTimeZoneBuilder.java,org.joda.time.tz.DateTimeZoneBuilder$RuleSet,innerclass,10,10,0,10,33,1,0,21,0,0.5833334,0.61538464,0.84615386,12,0,10,0,0,2,13,0,0,0,7,1,0,7,0,0,1,0,3,129,12,3,11,0,1,6,7,38,3,22,5,0,0,0,100,26,0
C:\Users\draj0.CHANDRIKAV\Downloads\joda-time-main\joda-time-main\src\main\java\org\joda\time\tz\DateTimeZoneBuilder.java,org.joda.time.tz.DateTimeZoneBuilder$Transition,innerclass,3,3,0,3,15,1,0,3,0,0.36363637,0.8181818,1,11,0,8,0,0,3,11,0,0,0,4,0,0,4,0,0,4,0,0,51,9,0,3,0,2,2,0,12,3,4,1,0,0,0,35,26,0
C:\Users\draj0.CHANDRIKAV\Downloads\joda-time-main\joda-time-main\src\main\java\org\joda\time\field\AbstractPartialFieldProperty.java,org.joda.time.field.AbstractPartialFieldProperty,class,7,18,11,7,34,1,10,25,276,0,0,0,24,0,22,0,2,0,24,3,0,0,0,0,0,0,0,0,0,0,2,105,26,0,6,0,0,4,10,9,7,6,1,0,0,0,156,1025,0
C:\Users\draj0.CHANDRIKAV\Downloads\joda-time-main\joda-time-main\src\main\java\org\joda\time\field\StrictDateTimeField.java,org.joda.time.field.StrictDateTimeField,class,5,8,3,5,7,3,0,6,6,1,0,0,4,1,3,0,1,0,4,0,1,0,1,1,0,1,0,0,1,0,1,25,5,0,1,0,1,0,1,2,0,1,1,0,0,0,59,1,0
C:\Users\draj0.CHANDRIKAV\Downloads\joda-time-main\joda-time-main\src\main\java\org\joda\time\convert\ConverterSet.java,org.joda.time.convert.ConverterSet$Entry,innerclass,1,1,0,1,1,1,0,0,0,0,NaN,NaN,1,0,0,0,0,1,1,0,0,0,2,0,0,0,0,2,2,0,0,8,0,0,0,0,0,0,0,2,0,2,0,0,0,0,6,8,0
C:\Users\draj0.CHANDRIKAV\Downloads\joda-time-main\joda-time-main\src\main\java\org\joda\time\DateTimeFieldType.java,org.joda.time.DateTimeFieldType$StandardDateTimeFieldType,innerclass,6,6,0,6,55,2,0,24,0,0.67857146,0.53333336,1,7,0,5,1,0,1,6,0,0,0,4,1,0,4,0,0,4,0,1,135,53,0,2,0,2,0,2,5,1,4,1,0,0,0,69,10,0
C:\Users\draj0.CHANDRIKAV\Downloads\joda-time-main\joda-time-main\src\main\java\org\joda\time\chrono\BasicChronology.java,org.joda.time.chrono.BasicChronology$HalfdayField,innerclass,3,3,0,3,4,5,0,6,6,1,0,0,4,0,3,0,0,1,4,0,0,0,1,1,0,1,0,0,1,0,4,15,3,0,0,0,0,1,1,1,0,1,0,0,0,0,23,10,0
C:\Users\draj0.CHANDRIKAV\Downloads\joda-time-main\joda-time-main\src\main\java\org\joda\time\format\DateTimeFormatterBuilder.java,org.joda.time.format.DateTimeFormatterBuilder$TwoDigitYear,innerclass,10,10,0,10,40,1,0,17,12,0.625,0.2,0.2,8,0,5,2,0,1,6,0,0,0,3,0,0,3,0,0,3,0,4,152,13,2,7,3,11,0,34,34,25,19,4,0,0,0,65,8,0
C:\Users\draj0.CHANDRIKAV\Downloads\joda-time-main\joda-time-main\src\main\java\org\joda\time\chrono\BasicChronology.java,org.joda.time.chrono.BasicChronology$YearInfo,innerclass,0,0,0,0,1,1,0,0,0,0,NaN,NaN,1,0,0,0,0,1,1,0,0,0,2,0,2,0,0,0,2,0,0,8,0,0,0,0,0,0,0,2,0,2,0,0,0,0,8,10,0
C:\Users\draj0.CHANDRIKAV\Downloads\joda-time-main\joda-time-main\src\main\java\org\joda\time\LocalDate.java,org.joda.time.LocalDate$Property,innerclass,6,6,0,6,19,2,0,20,0,0.50877196,0.64705884,0.6691176,19,0,14,2,2,1,17,0,0,0,3,1,0,3,0,0,1,0,0,67,16,0,0,0,0,0,1,6,0,4,0,0,0,0,186,25,0
C:\Users\draj0.CHANDRIKAV\Downloads\joda-time-main\joda-time-main\src\main\java\org\joda\time\field\UnsupportedDurationField.java,org.joda.time.field.UnsupportedDurationField,class,3,8,5,3,30,2,0,8,270,0.9066667,0.004329004,0.004329004,25,1,22,3,0,0,22,0,1,1,3,2,0,3,0,0,2,0,1,102,15,0,5,0,2,2,4,7,2,5,2,0,0,0,102,17,0
C:\Users\draj0.CHANDRIKAV\Downloads\joda-time-main\joda-time-main\src\main\java\org\joda\time\DateMidnight.java,org.joda.time.DateMidnight$Property,innerclass,7,7,0,7,20,2,0,21,0,0.5,0.6666667,0.6862745,20,0,15,2,2,1,18,0,0,0,3,1,0,3,0,0,1,0,0,70,17,0,0,0,0,0,1,6,0,4,0,0,0,0,199,25,0
C:\Users\draj0.CHANDRIKAV\Downloads\joda-time-main\joda-time-main\src\main\java\org\joda\time\format\PeriodFormatterBuilder.java,org.joda.time.format.PeriodFormatterBuilder$CompositeAffix,innerclass,3,3,0,3,16,2,0,12,0,0.33333334,0.7619048,1,7,0,6,0,0,1,7,0,0,0,3,0,0,3,0,0,3,0,0,55,7,2,0,0,1,0,5,8,4,7,3,0,0,0,42,8,0
C:\Users\draj0.CHANDRIKAV\Downloads\joda-time-main\joda-time-main\src\main\java\org\joda\time\DateTimeComparator.java,org.joda.time.DateTimeComparator,class,6,7,1,6,31,1,0,14,18,0.7435897,0.34848484,0.4090909,13,5,11,1,1,0,12,0,0,0,6,4,0,6,0,0,6,0,8,92,20,0,19,0,10,8,8,17,4,12,1,0,0,0,182,1,0
C:\Users\draj0.CHANDRIKAV\Downloads\joda-time-main\joda-time-main\src\main\java\org\joda\time\ReadWritableInterval.java,org.joda.time.ReadWritableInterval,interface,5,11,6,5,12,1,0,0,66,0,0,0,12,0,0,0,0,12,12,0,0,0,0,0,0,0,0,0,0,0,0,14,0,0,0,0,0,0,0,0,0,0,0,0,0,0,56,1,0
C:\Users\draj0.CHANDRIKAV\Downloads\joda-time-main\joda-time-main\src\main\java\org\joda\time\format\PeriodFormatterBuilder.java,org.joda.time.format.PeriodFormatterBuilder,class,14,17,3,14,99,5,0,23,979,0.95662856,0.032716926,0.09388336,47,2,38,9,0,0,38,0,0,0,26,17,0,26,0,0,17,0,4,1343,50,2,34,0,3,7,45,65,5,43,2,0,10,0,495,1,0
C:\Users\draj0.CHANDRIKAV\Downloads\joda-time-main\joda-time-main\src\main\java\org\joda\time\format\DateTimePrinter.java,org.joda.time.format.DateTimePrinter,interface,3,7,4,3,5,1,0,0,10,0,0,0,5,0,0,0,0,5,5,0,0,0,0,0,0,0,0,0,0,0,0,7,0,0,0,0,0,0,0,0,0,0,0,0,0,0,91,1,0
C:\Users\draj0.CHANDRIKAV\Downloads\joda-time-main\joda-time-main\src\main\java\org\joda\time\base\BaseLocal.java,org.joda.time.base.BaseLocal,class,1,5,4,1,2,2,3,0,1,1,0,0,2,0,0,0,2,0,2,1,0,0,1,1,0,1,0,0,1,0,0,7,0,0,0,0,0,1,1,1,0,1,0,0,0,0,95,1025,0
C:\Users\draj0.CHANDRIKAV\Downloads\joda-time-main\joda-time-main\src\main\java\org\joda\time\chrono\ISOChronology.java,org.joda.time.chrono.ISOChronology,class,12,40,28,12,21,4,0,18,49,0.87878793,0.06666667,0.06666667,11,3,8,2,1,0,10,0,0,0,3,3,0,3,0,0,3,0,10,92,12,0,8,0,0,2,3,17,3,8,2,0,1,0,138,17,0
C:\Users\draj0.CHANDRIKAV\Downloads\joda-time-main\joda-time-main\src\main\java\org\joda\time\chrono\LenientChronology.java,org.joda.time.chrono.LenientChronology,class,7,9,2,7,17,4,0,12,34,0.8888889,0,0,9,1,6,2,1,0,7,0,1,0,2,1,0,2,0,0,1,0,4,80,11,0,8,0,0,2,3,28,3,3,2,0,0,0,76,17,0
C:\Users\draj0.CHANDRIKAV\Downloads\joda-time-main\joda-time-main\src\main\java\org\joda\time\format\PeriodFormatterBuilder.java,org.joda.time.format.PeriodFormatterBuilder$FieldFormatter,innerclass,10,10,0,10,143,1,0,50,15,0.63392854,0.4871795,0.5769231,14,0,6,1,0,7,13,0,0,0,8,0,0,8,0,0,8,0,39,440,41,6,45,0,15,0,57,90,29,43,5,0,0,0,128,8,0
C:\Users\draj0.CHANDRIKAV\Downloads\joda-time-main\joda-time-main\src\main\java\org\joda\time\tz\ZoneInfoCompiler.java,org.joda.time.tz.ZoneInfoCompiler$Rule,innerclass,4,4,0,4,11,1,0,13,0,0.25714287,1,1,5,1,2,1,0,2,4,0,0,0,7,0,7,0,0,0,7,0,6,66,5,0,2,0,0,15,11,22,6,13,2,0,0,0,51,10,0
C:\Users\draj0.CHANDRIKAV\Downloads\joda-time-main\joda-time-main\src\main\java\org\joda\time\field\DividedDateTimeField.java,org.joda.time.field.DividedDateTimeField,class,8,13,5,8,28,4,0,20,31,0.7631579,0.39215687,0.6862745,19,0,18,1,0,0,18,0,0,0,6,1,0,3,0,3,6,0,2,110,18,0,2,0,17,2,20,26,32,20,1,0,0,0,123,1,0
C:\Users\draj0.CHANDRIKAV\Downloads\joda-time-main\joda-time-main\src\main\java\org\joda\time\convert\DateConverter.java,org.joda.time.convert.DateConverter,class,5,6,1,5,3,2,0,1,3,1,0,0,3,0,2,0,1,0,3,0,0,0,1,1,0,0,0,1,1,0,0,13,2,0,0,0,0,0,0,2,0,2,0,0,0,0,60,16,0
C:\Users\draj0.CHANDRIKAV\Downloads\joda-time-main\joda-time-main\src\main\java\org\joda\time\chrono\ZonedChronology.java,org.joda.time.chrono.ZonedChronology,class,12,22,10,12,39,8,0,27,120,0.96875,0,0,16,2,10,4,1,1,12,0,0,0,2,2,0,2,0,0,2,0,1,432,26,0,14,0,0,5,12,47,9,10,1,0,2,0,115,17,0
C:\Users\draj0.CHANDRIKAV\Downloads\joda-time-main\joda-time-main\src\main\java\org\joda\time\format\DateTimeFormatterBuilder.java,org.joda.time.format.DateTimeFormatterBuilder$TimeZoneOffset,innerclass,9,9,0,9,68,1,0,13,13,0.6285714,0.26666668,0.4,7,0,5,1,0,1,6,0,0,0,5,0,0,5,0,0,5,0,12,230,23,1,23,0,2,0,56,46,21,21,4,0,0,0,75,8,0
C:\Users\draj0.CHANDRIKAV\Downloads\joda-time-main\joda-time-main\src\main\java\org\joda\time\field\BaseDateTimeField.java,org.joda.time.field.BaseDateTimeField,class,8,20,12,8,89,2,9,46,1269,0.9411765,0.002352941,0.002352941,51,0,49,0,2,0,51,7,8,0,1,0,0,1,0,0,1,0,6,309,53,5,17,1,7,8,40,61,33,33,3,0,0,0,310,1025,0
C:\Users\draj0.CHANDRIKAV\Downloads\joda-time-main\joda-time-main\src\main\java\org\joda\time\field\ZeroIsMaxDateTimeField.java,org.joda.time.field.ZeroIsMaxDateTimeField,class,8,10,2,8,29,4,0,25,325,1,0,0,26,0,26,0,0,0,26,0,0,0,1,1,0,1,0,0,1,0,1,93,25,0,3,0,0,2,13,5,4,3,1,0,0,0,94,17,0
C:\Users\draj0.CHANDRIKAV\Downloads\joda-time-main\joda-time-main\src\main\java\org\joda\time\base\BaseInterval.java,org.joda.time.base.BaseInterval,class,14,17,3,14,18,2,2,19,0,0.3863637,0.94545454,1,11,0,3,0,8,0,11,0,0,0,4,1,0,4,0,0,1,0,20,104,3,0,5,0,1,0,3,40,0,11,1,0,0,0,117,1025,0
C:\Users\draj0.CHANDRIKAV\Downloads\joda-time-main\joda-time-main\src\main\java\org\joda\time\Duration.java,org.joda.time.Duration,class,10,22,12,10,48,3,0,18,445,0.9193548,0.021505376,0.021505376,31,6,31,0,0,0,31,0,0,0,2,2,1,1,0,0,2,0,17,148,41,0,16,0,0,1,18,8,4,8,1,0,0,0,199,17,0
C:\Users\draj0.CHANDRIKAV\Downloads\joda-time-main\joda-time-main\src\main\java\org\joda\time\format\FormatUtils.java,org.joda.time.format.FormatUtils,class,1,12,11,1,71,1,0,19,100,0.6875,0.0952381,0.0952381,16,15,13,1,0,2,15,0,0,0,1,1,0,1,0,0,1,0,25,277,13,12,11,4,35,12,76,27,63,16,4,0,0,0,94,1,0
C:\Users\draj0.CHANDRIKAV\Downloads\joda-time-main\joda-time-main\src\main\java\org\joda\time\format\PeriodFormatter.java,org.joda.time.format.PeriodFormatter,class,10,27,17,10,30,1,0,16,21,0.6184211,0.525,0.875,19,0,15,3,0,1,16,0,0,0,4,0,0,4,0,0,4,0,1,106,14,0,8,0,3,3,3,13,0,8,2,0,0,0,191,1,0
C:\Users\draj0.CHANDRIKAV\Downloads\joda-time-main\joda-time-main\src\main\java\org\joda\time\format\DateTimePrinterInternalPrinter.java,org.joda.time.format.DateTimePrinterInternalPrinter,class,7,11,4,7,12,1,0,7,0,0,1,1,6,1,3,1,0,2,5,0,0,0,1,0,0,1,0,0,1,0,0,51,5,0,1,0,0,0,0,7,0,7,1,0,0,0,37,0,0
C:\Users\draj0.CHANDRIKAV\Downloads\joda-time-main\joda-time-main\src\main\java\org\joda\time\Interval.java,org.joda.time.Interval,class,18,28,10,18,45,3,0,32,300,1,0,0,25,2,25,0,0,0,25,0,0,0,1,1,0,1,0,0,1,0,14,179,28,0,19,0,2,4,12,39,5,33,2,0,0,0,249,17,0
C:\Users\draj0.CHANDRIKAV\Downloads\joda-time-main\joda-time-main\src\main\java\org\joda\time\convert\LongConverter.java,org.joda.time.convert.LongConverter,class,6,7,1,6,4,2,0,1,6,1,0,0,4,0,3,0,1,0,4,0,0,0,1,1,0,0,0,1,1,0,0,15,3,0,0,0,2,0,0,1,0,1,0,0,0,0,58,0,0
C:\Users\draj0.CHANDRIKAV\Downloads\joda-time-main\joda-time-main\src\main\java\org\joda\time\base\AbstractInstant.java,org.joda.time.base.AbstractInstant,class,15,24,9,15,42,1,2,20,406,0,0,0,29,0,28,0,1,0,29,0,0,0,0,0,0,0,0,0,0,0,12,128,35,0,10,0,7,2,5,10,2,8,1,0,0,0,192,1025,0
C:\Users\draj0.CHANDRIKAV\Downloads\joda-time-main\joda-time-main\src\main\java\org\joda\time\tz\DateTimeZoneBuilder.java,org.joda.time.tz.DateTimeZoneBuilder,class,11,22,11,11,58,3,0,50,85,0.6666667,0.045454547,0.045454547,15,5,10,3,0,2,12,0,0,0,1,0,0,1,0,0,1,0,13,1144,28,2,21,0,40,3,87,52,51,32,3,0,7,0,362,1,0
C:\Users\draj0.CHANDRIKAV\Downloads\joda-time-main\joda-time-main\src\main\java\org\joda\time\format\DateTimeParserBucket.java,org.joda.time.format.DateTimeParserBucket,class,16,37,21,16,63,1,0,36,262,0.8736264,0.15384616,0.41846153,28,2,24,2,0,2,26,0,0,0,13,0,0,13,0,0,6,0,12,284,21,4,15,1,5,4,29,61,9,31,4,0,2,0,306,1,0
C:\Users\draj0.CHANDRIKAV\Downloads\joda-time-main\joda-time-main\src\main\java\org\joda\time\DateTimeZone.java,org.joda.time.DateTimeZone$LazyInit$Anonymous1,anonymous,3,3,0,3,4,1,0,2,6,1,0,0,4,0,4,0,0,0,4,0,0,0,1,1,0,1,0,0,1,0,0,15,4,0,0,0,0,0,1,1,0,1,0,0,0,0,20,-1,0
C:\Users\draj0.CHANDRIKAV\Downloads\joda-time-main\joda-time-main\src\main\java\org\joda\time\ReadWritablePeriod.java,org.joda.time.ReadWritablePeriod,interface,3,18,15,3,26,1,0,0,325,0,0,0,26,0,0,0,0,26,26,0,0,0,0,0,0,0,0,0,0,0,0,28,0,0,0,0,0,0,0,0,0,0,0,0,0,0,118,1,0
C:\Users\draj0.CHANDRIKAV\Downloads\joda-time-main\joda-time-main\src\main\java\org\joda\time\convert\ConverterSet.java,org.joda.time.convert.ConverterSet,class,3,5,2,3,48,1,0,13,0,0.4375,0.52380955,0.71428573,8,1,0,1,0,7,7,0,0,0,2,0,0,2,0,0,1,0,3,178,14,12,23,0,4,3,37,66,7,37,4,0,1,0,96,0,0
C:\Users\draj0.CHANDRIKAV\Downloads\joda-time-main\joda-time-main\src\main\java\org\joda\time\LocalDateTime.java,org.joda.time.LocalDateTime,class,27,33,6,27,180,4,0,103,6909,0.9651861,0.006483938,0.006778662,119,7,114,2,2,1,117,0,0,0,7,5,0,7,0,0,7,0,34,678,143,2,44,0,7,14,67,84,35,52,2,0,1,0,532,17,0
C:\Users\draj0.CHANDRIKAV\Downloads\joda-time-main\joda-time-main\src\main\java\org\joda\time\tz\FixedDateTimeZone.java,org.joda.time.tz.FixedDateTimeZone,class,2,5,3,2,16,2,0,6,17,0.7272727,0.34545454,0.5090909,11,0,11,0,0,0,11,0,0,0,4,1,0,4,0,0,4,0,1,53,13,0,4,0,1,3,4,6,5,6,1,0,0,0,54,17,0
C:\Users\draj0.CHANDRIKAV\Downloads\joda-time-main\joda-time-main\src\main\java\org\joda\time\convert\IntervalConverter.java,org.joda.time.convert.IntervalConverter,interface,3,8,5,3,2,1,0,0,1,0,0,0,2,0,0,0,0,2,2,0,0,0,0,0,0,0,0,0,0,0,0,4,0,0,0,0,0,0,0,0,0,0,0,0,0,0,58,1,0
C:\Users\draj0.CHANDRIKAV\Downloads\joda-time-main\joda-time-main\src\main\java\org\joda\time\format\PeriodPrinter.java,org.joda.time.format.PeriodPrinter,interface,1,9,8,1,4,1,0,0,6,0,0,0,4,0,0,0,0,4,4,0,0,0,0,0,0,0,0,0,0,0,0,6,0,0,0,0,0,0,0,0,0,0,0,0,0,0,80,1,0
C:\Users\draj0.CHANDRIKAV\Downloads\joda-time-main\joda-time-main\src\main\java\org\joda\time\field\PreciseDateTimeField.java,org.joda.time.field.PreciseDateTimeField,class,5,9,4,5,10,4,2,8,7,0.7142857,0.33333334,0.47619048,7,0,7,0,0,0,7,0,0,0,3,1,0,3,0,0,3,0,2,43,7,0,0,0,8,3,6,6,15,6,1,0,0,0,114,1,0
C:\Users\draj0.CHANDRIKAV\Downloads\joda-time-main\joda-time-main\src\main\java\org\joda\time\chrono\LimitChronology.java,org.joda.time.chrono.LimitChronology$LimitException,innerclass,6,6,0,6,5,5,0,13,1,0.6666667,0.33333334,0.33333334,3,0,2,0,0,1,3,0,0,0,2,1,0,2,0,0,2,0,1,35,2,0,1,0,0,6,2,6,1,5,1,0,0,0,44,2,0
C:\Users\draj0.CHANDRIKAV\Downloads\joda-time-main\joda-time-main\src\main\java\org\joda\time\chrono\GJLocaleSymbols.java,org.joda.time.chrono.GJLocaleSymbols,class,4,9,5,4,42,1,0,29,185,0.8722825,0.007352941,0.007352941,23,6,16,6,0,1,17,0,0,0,16,1,0,16,0,0,15,0,25,171,20,7,8,0,1,3,23,44,2,37,3,0,0,0,69,0,0
C:\Users\draj0.CHANDRIKAV\Downloads\joda-time-main\joda-time-main\src\main\java\org\joda\time\convert\ReadableDurationConverter.java,org.joda.time.convert.ReadableDurationConverter,class,9,10,1,9,5,2,0,4,6,1,0,0,4,0,3,0,1,0,4,0,0,0,1,1,0,0,0,1,1,0,1,21,2,1,0,0,1,0,1,6,0,5,1,0,0,0,70,0,0
C:\Users\draj0.CHANDRIKAV\Downloads\joda-time-main\joda-time-main\src\main\java\org\joda\time\base\BaseDuration.java,org.joda.time.base.BaseDuration,class,12,14,2,12,16,2,1,6,75,0.8,0.14285715,0.14285715,15,0,10,0,5,0,15,0,0,0,2,1,0,2,0,0,1,0,5,61,10,0,1,0,0,0,2,10,0,5,1,0,0,0,149,1025,0
C:\Users\draj0.CHANDRIKAV\Downloads\joda-time-main\joda-time-main\src\main\java\org\joda\time\field\DecoratedDateTimeField.java,org.joda.time.field.DecoratedDateTimeField,class,4,12,8,4,12,3,8,9,0,0.5,1,1,10,0,9,0,1,0,10,0,1,0,2,1,0,2,0,0,2,0,0,41,9,0,1,0,0,3,1,2,0,2,1,0,0,0,93,1025,0
C:\Users\draj0.CHANDRIKAV\Downloads\joda-time-main\joda-time-main\src\main\java\org\joda\time\Months.java,org.joda.time.Months,class,17,18,1,17,47,2,0,23,178,0.9441176,0.006535948,0.006535948,20,5,18,2,0,0,18,0,0,0,17,17,15,2,0,0,17,0,25,145,43,0,8,0,2,2,31,23,2,23,1,0,0,0,237,17,0
C:\Users\draj0.CHANDRIKAV\Downloads\joda-time-main\joda-time-main\src\main\java\org\joda\time\format\DateTimeFormatterBuilder.java,org.joda.time.format.DateTimeFormatterBuilder$TimeZoneId,enum,5,5,0,5,20,1,0,23,8,0.8,0.06666667,0.06666667,5,0,5,0,0,0,6,0,0,0,5,5,0,3,0,2,5,0,7,81,5,3,5,0,0,2,9,27,7,20,3,0,0,0,58,8,0
C:\Users\draj0.CHANDRIKAV\Downloads\joda-time-main\joda-time-main\src\main\java\org\joda\time\YearMonthDay.java,org.joda.time.YearMonthDay,class,23,27,4,23,64,4,0,50,1223,0.9372549,0.014901961,0.03607843,51,2,48,0,1,2,51,0,0,0,5,5,3,2,0,0,5,0,22,276,46,1,8,0,0,3,18,35,4,24,2,0,1,0,364,17,0
C:\Users\draj0.CHANDRIKAV\Downloads\joda-time-main\joda-time-main\src\main\java\org\joda\time\format\DateTimeParser.java,org.joda.time.format.DateTimeParser,interface,1,7,6,1,2,1,0,0,1,0,0,0,2,0,0,0,0,2,2,0,0,0,0,0,0,0,0,0,0,0,0,4,0,0,0,0,0,0,0,0,0,0,0,0,0,0,92,1,0
C:\Users\draj0.CHANDRIKAV\Downloads\joda-time-main\joda-time-main\src\main\java\org\joda\time\format\DateTimeFormatterBuilder.java,org.joda.time.format.DateTimeFormatterBuilder$CharacterLiteral,innerclass,6,6,0,6,10,1,0,5,3,0.33333334,0.4,0.4,6,0,5,0,0,1,6,0,0,0,1,0,0,1,0,0,1,0,4,38,5,0,3,0,0,0,3,7,1,3,3,0,0,0,33,8,0
C:\Users\draj0.CHANDRIKAV\Downloads\joda-time-main\joda-time-main\src\main\java\org\joda\time\YearMonth.java,org.joda.time.YearMonth,class,24,26,2,24,62,4,0,49,1001,0.94021744,0.013131313,0.022222223,46,7,42,1,1,2,45,0,0,0,4,4,2,2,0,0,4,0,20,257,43,1,12,0,0,6,16,26,4,18,2,0,1,0,358,17,0
C:\Users\draj0.CHANDRIKAV\Downloads\joda-time-main\joda-time-main\src\main\java\org\joda\time\chrono\GJChronology.java,org.joda.time.chrono.GJChronology$CutoverField,innerclass,12,12,0,12,71,3,0,46,33,0.76326525,0.4722689,0.68235296,35,0,30,0,2,3,35,0,0,0,7,1,0,1,2,4,5,0,7,259,43,2,5,0,0,1,8,41,6,18,3,0,0,0,95,2,0
C:\Users\draj0.CHANDRIKAV\Downloads\joda-time-main\joda-time-main\src\main\java\org\joda\time\LocalTime.java,org.joda.time.LocalTime$Property,innerclass,6,6,0,6,22,2,0,23,0,0.4920635,0.68421054,0.7017544,21,0,16,2,2,1,19,0,0,0,3,1,0,3,0,0,1,0,0,78,18,0,1,0,0,1,1,8,0,6,1,0,0,0,191,25,0
C:\Users\draj0.CHANDRIKAV\Downloads\joda-time-main\joda-time-main\src\main\java\org\joda\time\convert\ReadablePeriodConverter.java,org.joda.time.convert.ReadablePeriodConverter,class,7,8,1,7,4,2,0,2,6,1,0,0,4,0,3,0,1,0,4,0,0,0,1,1,0,0,0,1,1,0,0,16,2,0,0,0,0,0,0,2,0,2,0,0,0,0,66,0,0
C:\Users\draj0.CHANDRIKAV\Downloads\joda-time-main\joda-time-main\src\main\java\org\joda\time\DateTime.java,org.joda.time.DateTime$Property,innerclass,9,9,0,9,24,2,0,27,0,0.5,0.6666667,0.6862745,20,0,15,2,2,1,18,0,0,0,3,1,0,3,0,0,1,0,2,88,19,0,0,2,0,0,1,8,2,6,2,0,0,0,228,25,0
C:\Users\draj0.CHANDRIKAV\Downloads\joda-time-main\joda-time-main\src\main\java\org\joda\time\field\OffsetDateTimeField.java,org.joda.time.field.OffsetDateTimeField,class,6,9,3,6,24,4,0,21,140,0.8,0.13157895,0.18947369,20,0,20,0,0,0,20,0,0,0,4,1,0,4,0,0,4,0,4,87,17,0,2,0,3,2,2,8,6,4,1,0,0,0,92,1,0
C:\Users\draj0.CHANDRIKAV\Downloads\joda-time-main\joda-time-main\src\main\java\org\joda\time\Years.java,org.joda.time.Years,class,17,18,1,17,38,2,0,23,178,0.93749994,0.006535948,0.006535948,20,5,18,2,0,0,18,0,0,0,8,8,6,2,0,0,8,0,25,118,34,0,8,0,2,2,13,14,2,14,1,0,0,0,218,17,0
C:\Users\draj0.CHANDRIKAV\Downloads\joda-time-main\joda-time-main\src\main\java\org\joda\time\convert\ReadableIntervalConverter.java,org.joda.time.convert.ReadableIntervalConverter,class,11,12,1,11,9,2,0,9,15,1,0,0,6,0,5,0,1,0,6,0,0,0,1,1,0,0,0,1,1,0,1,35,3,1,2,0,3,0,1,8,0,7,1,0,0,0,86,0,0
C:\Users\draj0.CHANDRIKAV\Downloads\joda-time-main\joda-time-main\src\main\java\org\joda\time\DateTimeField.java,org.joda.time.DateTimeField,class,5,94,89,5,51,1,3,1,1275,0,0,0,51,0,51,0,0,0,51,50,0,0,0,0,0,0,0,0,0,0,0,55,1,0,0,0,0,0,0,0,0,0,0,0,0,0,305,1025,0
C:\Users\draj0.CHANDRIKAV\Downloads\joda-time-main\joda-time-main\src\main\java\org\joda\time\field\FieldUtils.java,org.joda.time.field.FieldUtils,class,4,62,58,4,59,1,0,8,153,0,0,0,18,17,17,1,0,0,17,0,0,0,0,0,0,0,0,0,0,0,12,139,24,0,20,0,15,21,23,12,28,11,2,0,0,0,155,1,0
C:\Users\draj0.CHANDRIKAV\Downloads\joda-time-main\joda-time-main\src\main\java\org\joda\time\format\ISODateTimeFormat.java,org.joda.time.format.ISODateTimeFormat,class,4,25,21,4,132,1,0,37,1711,0,0,0,59,58,52,6,1,0,53,0,0,0,0,0,0,0,0,0,0,0,45,748,56,0,3,1,4,6,20,26,5,12,3,0,1,0,328,1,0
C:\Users\draj0.CHANDRIKAV\Downloads\joda-time-main\joda-time-main\src\main\java\org\joda\time\Partial.java,org.joda.time.Partial,class,18,20,2,18,92,3,0,52,188,0.74545455,0.29166666,0.3598485,33,0,30,0,1,2,33,0,0,0,5,1,0,5,0,0,4,0,20,420,40,8,38,1,0,25,64,91,31,56,6,0,1,0,347,17,0
C:\Users\draj0.CHANDRIKAV\Downloads\joda-time-main\joda-time-main\src\main\java\org\joda\time\field\SkipDateTimeField.java,org.joda.time.field.SkipDateTimeField,class,6,9,3,6,11,3,0,9,3,0.6666667,0.5,0.6,6,0,5,1,0,0,5,0,0,0,4,1,0,4,0,0,3,0,3,47,4,0,2,0,0,0,4,8,2,6,2,0,0,0,66,17,0
C:\Users\draj0.CHANDRIKAV\Downloads\joda-time-main\joda-time-main\src\main\java\org\joda\time\base\AbstractPeriod.java,org.joda.time.base.AbstractPeriod,class,10,15,5,10,25,1,1,15,91,0,0,0,14,0,13,0,1,0,14,0,0,0,0,0,0,0,0,0,0,0,1,79,19,4,7,0,0,0,9,15,4,11,2,0,0,0,174,1025,0
C:\Users\draj0.CHANDRIKAV\Downloads\joda-time-main\joda-time-main\src\main\java\org\joda\time\chrono\GJDayOfWeekDateTimeField.java,org.joda.time.chrono.GJDayOfWeekDateTimeField,class,7,8,1,7,11,4,0,10,43,0.8181818,0.06666667,0.06666667,11,0,8,1,1,1,10,0,0,0,2,1,0,2,0,0,2,0,6,38,10,0,0,0,0,1,1,2,0,2,0,0,0,0,90,16,0
C:\Users\draj0.CHANDRIKAV\Downloads\joda-time-main\joda-time-main\src\main\java\org\joda\time\DateTimeUtils.java,org.joda.time.DateTimeUtils$SystemMillisProvider,innerclass,1,1,0,1,1,1,0,1,0,0,NaN,NaN,1,0,1,0,0,0,1,0,0,0,0,0,0,0,0,0,0,0,1,5,1,0,0,0,0,0,0,0,0,0,0,0,0,0,10,8,0
C:\Users\draj0.CHANDRIKAV\Downloads\joda-time-main\joda-time-main\src\main\java\org\joda\time\IllegalFieldValueException.java,org.joda.time.IllegalFieldValueException,class,3,16,13,3,28,5,0,13,0,0.5388889,0.7254902,1,20,2,18,2,0,0,18,0,0,0,9,1,0,9,0,0,8,0,9,172,11,0,8,0,0,12,1,71,1,12,2,0,0,0,95,1,0
C:\Users\draj0.CHANDRIKAV\Downloads\joda-time-main\joda-time-main\src\main\java\org\joda\time\IllegalInstantException.java,org.joda.time.IllegalInstantException,class,4,10,6,4,8,5,0,5,6,1,0,0,4,2,3,1,0,0,3,0,0,0,1,1,0,1,0,0,1,0,3,23,4,1,3,0,1,5,1,3,2,3,1,0,0,0,121,1,0
C:\Users\draj0.CHANDRIKAV\Downloads\joda-time-main\joda-time-main\src\main\java\org\joda\time\format\DateTimeFormatterBuilder.java,org.joda.time.format.DateTimeFormatterBuilder$Composite,innerclass,7,7,0,7,32,1,0,13,11,0.675,0.39285713,1,10,0,5,2,0,3,8,0,0,0,4,0,0,4,0,0,4,0,2,117,5,7,8,0,2,0,14,40,1,27,2,0,0,0,57,8,0
C:\Users\draj0.CHANDRIKAV\Downloads\joda-time-main\joda-time-main\src\main\java\org\joda\time\format\DateTimeFormatterBuilder.java,org.joda.time.format.DateTimeFormatterBuilder$UnpaddedNumber,innerclass,7,7,0,7,7,2,0,6,6,0,0,0,4,0,3,0,1,0,4,0,0,0,0,0,0,0,0,0,0,0,2,30,1,0,0,2,0,0,0,1,0,1,2,0,0,0,32,8,0
C:\Users\draj0.CHANDRIKAV\Downloads\joda-time-main\joda-time-main\src\main\java\org\joda\time\format\PeriodFormatterBuilder.java,org.joda.time.format.PeriodFormatterBuilder$IgnorableAffix,innerclass,1,1,0,1,17,1,0,8,0,0,1,1,2,0,1,0,1,0,2,0,0,0,1,0,0,1,0,0,0,0,0,37,2,4,4,0,3,0,2,7,0,5,5,0,0,0,53,1032,0
C:\Users\draj0.CHANDRIKAV\Downloads\joda-time-main\joda-time-main\src\main\java\org\joda\time\field\ImpreciseDateTimeField.java,org.joda.time.field.ImpreciseDateTimeField$LinkedDurationField,innerclass,3,3,0,3,11,3,0,4,55,1,0,0,11,0,10,0,0,1,11,0,0,0,1,1,0,1,0,0,1,0,0,36,10,0,0,0,0,0,1,1,4,1,0,0,0,0,29,18,0
C:\Users\draj0.CHANDRIKAV\Downloads\joda-time-main\joda-time-main\src\main\java\org\joda\time\format\DateTimeFormat.java,org.joda.time.format.DateTimeFormat$StyleFormatter,innerclass,10,10,0,10,15,1,0,16,22,0.6875,0.04761905,0.04761905,8,0,5,1,0,2,7,0,0,0,4,1,0,4,0,0,4,0,5,61,5,0,4,0,2,1,2,17,1,11,2,0,0,0,51,8,0
C:\Users\draj0.CHANDRIKAV\Downloads\joda-time-main\joda-time-main\src\main\java\org\joda\time\ReadablePeriod.java,org.joda.time.ReadablePeriod,interface,4,43,39,4,11,1,0,0,55,0,0,0,11,0,0,0,0,11,11,0,0,0,0,0,0,0,0,0,0,0,0,13,0,0,0,0,0,0,0,0,0,0,0,0,0,0,191,1,0
C:\Users\draj0.CHANDRIKAV\Downloads\joda-time-main\joda-time-main\src\main\java\org\joda\time\DateTimeZone.java,org.joda.time.DateTimeZone$Stub,innerclass,1,1,0,1,4,1,0,3,0,0.5,NaN,NaN,4,0,0,3,0,1,1,0,0,0,2,1,0,2,0,0,1,0,1,16,1,0,0,0,0,0,1,3,0,2,0,0,0,0,35,26,0
C:\Users\draj0.CHANDRIKAV\Downloads\joda-time-main\joda-time-main\src\main\java\org\joda\time\chrono\ZonedChronology.java,org.joda.time.chrono.ZonedChronology$ZonedDateTimeField,innerclass,10,10,0,10,48,3,0,44,0,0.7306123,0.83778965,1,35,0,33,1,0,1,34,0,3,0,7,1,0,1,0,6,7,0,2,201,41,0,2,0,4,2,3,47,15,38,1,0,0,0,92,24,0
C:\Users\draj0.CHANDRIKAV\Downloads\joda-time-main\joda-time-main\src\main\java\org\joda\time\chrono\GregorianChronology.java,org.joda.time.chrono.GregorianChronology,class,8,13,5,8,35,6,0,12,128,0.9264706,0.033333335,0.033333335,17,4,6,2,1,8,16,0,0,0,8,8,0,8,0,0,8,0,11,118,16,0,14,1,17,1,34,26,28,14,4,0,0,0,159,17,0
C:\Users\draj0.CHANDRIKAV\Downloads\joda-time-main\joda-time-main\src\main\java\org\joda\time\convert\ConverterManager.java,org.joda.time.convert.ConverterManager,class,9,20,11,9,59,1,0,14,192,0.77976185,0.2806324,0.9130435,28,1,22,5,1,0,23,0,0,0,6,1,0,6,0,0,0,0,5,210,32,0,31,0,5,21,20,46,6,36,1,0,0,0,155,17,0
C:\Users\draj0.CHANDRIKAV\Downloads\joda-time-main\joda-time-main\src\main\java\org\joda\time\chrono\GJChronology.java,org.joda.time.chrono.GJChronology$LinkedDurationField,innerclass,3,3,0,3,5,4,0,5,0,0.5,1,1,5,0,4,0,0,1,5,0,0,0,2,1,0,2,0,0,2,0,0,20,4,0,0,0,0,0,1,2,0,2,0,0,0,0,30,10,0
C:\Users\draj0.CHANDRIKAV\Downloads\joda-time-main\joda-time-main\src\main\java\org\joda\time\format\DateTimeFormatterBuilder.java,org.joda.time.format.DateTimeFormatterBuilder$PaddedNumber,innerclass,8,8,0,8,7,2,0,6,0,0.25,0.5,0.5,4,0,3,0,1,0,4,0,0,0,1,0,0,0,1,0,1,0,5,32,1,0,0,2,0,0,0,2,0,2,2,0,0,0,36,8,0
C:\Users\draj0.CHANDRIKAV\Downloads\joda-time-main\joda-time-main\src\main\java\org\joda\time\Minutes.java,org.joda.time.Minutes,class,23,30,7,23,44,2,0,28,313,0.951923,0.003623189,0.003623189,26,6,24,2,0,0,24,0,0,0,8,8,6,2,0,0,8,0,32,138,40,0,8,0,2,2,13,16,6,16,1,0,0,0,284,17,0
C:\Users\draj0.CHANDRIKAV\Downloads\joda-time-main\joda-time-main\src\main\java\org\joda\time\chrono\BasicMonthOfYearDateTimeField.java,org.joda.time.chrono.BasicMonthOfYearDateTimeField,class,13,18,5,13,46,4,1,39,0,0.73333335,0.5,0.6691176,18,0,16,1,0,1,17,0,0,0,5,2,0,5,0,0,5,0,9,193,24,1,11,0,13,2,36,68,43,46,2,0,0,0,133,0,0
C:\Users\draj0.CHANDRIKAV\Downloads\joda-time-main\joda-time-main\src\main\java\org\joda\time\base\AbstractPartial.java,org.joda.time.base.AbstractPartial,class,12,27,15,12,52,1,3,20,210,0,0,0,21,0,16,0,5,0,21,1,0,0,0,0,0,0,0,0,0,0,3,148,29,9,18,0,1,9,24,31,6,25,2,0,0,0,211,1025,0
C:\Users\draj0.CHANDRIKAV\Downloads\joda-time-main\joda-time-main\src\main\java\org\joda\time\base\BasePartial.java,org.joda.time.base.BasePartial,class,11,20,9,11,18,2,4,19,18,0.6458333,0.425,0.45833334,16,0,5,0,11,0,16,0,0,0,3,1,0,3,0,0,3,0,12,83,7,0,2,0,0,0,5,23,0,7,1,0,0,0,178,1025,0
C:\Users\draj0.CHANDRIKAV\Downloads\joda-time-main\joda-time-main\src\main\java\org\joda\time\base\AbstractDuration.java,org.joda.time.base.AbstractDuration,class,6,8,2,6,25,1,1,9,45,0,0,0,10,0,9,0,1,0,10,0,0,0,0,0,0,0,0,0,0,0,1,72,13,1,8,0,6,3,16,10,5,7,1,0,0,0,166,1025,0
C:\Users\draj0.CHANDRIKAV\Downloads\joda-time-main\joda-time-main\src\main\java\org\joda\time\base\BaseDateTime.java,org.joda.time.base.BaseDateTime,class,9,20,11,9,20,3,3,14,85,0.72222227,0.19117647,0.20588236,18,0,13,1,4,0,17,0,0,0,3,1,0,3,0,0,1,0,12,77,4,0,2,0,0,0,1,16,0,7,1,0,0,0,150,1025,0
C:\Users\draj0.CHANDRIKAV\Downloads\joda-time-main\joda-time-main\src\main\java\org\joda\time\DateTimeUtils.java,org.joda.time.DateTimeUtils,class,18,70,52,18,50,1,0,29,278,0.88000005,0.04761905,0.04761905,25,24,21,3,1,0,22,0,21,0,3,3,1,2,0,0,2,0,29,208,28,1,20,2,1,23,9,28,5,16,3,0,4,0,294,1,0
C:\Users\draj0.CHANDRIKAV\Downloads\joda-time-main\joda-time-main\src\main\java\org\joda\time\base\AbstractInterval.java,org.joda.time.base.AbstractInterval,class,13,16,3,13,50,1,1,20,351,0,0,0,27,0,25,0,2,0,27,0,0,0,0,0,0,0,0,0,0,0,8,148,34,0,14,0,13,1,8,24,8,19,1,0,0,0,215,1025,0
C:\Users\draj0.CHANDRIKAV\Downloads\joda-time-main\joda-time-main\src\main\java\org\joda\time\Hours.java,org.joda.time.Hours,class,23,30,7,23,49,2,0,28,313,0.9556212,0.003623189,0.003623189,26,6,24,2,0,0,24,0,0,0,13,13,11,2,0,0,13,0,33,153,45,0,8,0,2,2,23,21,5,21,1,0,0,0,290,17,0
C:\Users\draj0.CHANDRIKAV\Downloads\joda-time-main\joda-time-main\src\main\java\org\joda\time\LocalTime.java,org.joda.time.LocalTime,class,23,33,10,23,122,4,0,71,2321,0.9555555,0.014906832,0.015320911,70,9,66,1,2,1,70,0,0,0,9,7,1,8,0,0,9,0,32,483,86,0,37,0,7,19,52,57,25,35,2,0,1,0,463,17,0
C:\Users\draj0.CHANDRIKAV\Downloads\joda-time-main\joda-time-main\src\main\java\org\joda\time\base\BasePeriod.java,org.joda.time.base.BasePeriod,class,20,23,3,20,59,2,2,53,205,0.775,0.32763532,0.34188035,30,0,4,3,23,0,27,0,0,0,4,2,0,4,0,0,4,0,37,260,8,4,22,0,3,12,23,89,4,48,3,1,0,0,258,1025,0
C:\Users\draj0.CHANDRIKAV\Downloads\joda-time-main\joda-time-main\src\main\java\org\joda\time\field\DecoratedDurationField.java,org.joda.time.field.DecoratedDurationField,class,3,8,5,3,12,3,5,9,0,0.5,1,1,10,0,10,0,0,0,10,0,1,0,2,1,0,2,0,0,2,0,0,41,9,0,1,0,0,2,1,2,0,2,1,0,0,0,90,1,0
C:\Users\draj0.CHANDRIKAV\Downloads\joda-time-main\joda-time-main\src\main\java\org\joda\time\tz\DateTimeZoneBuilder.java,org.joda.time.tz.DateTimeZoneBuilder$DSTZone,innerclass,4,4,0,4,37,2,0,13,0,0.45833334,0.5090909,0.5090909,12,1,9,1,0,2,11,0,0,0,4,1,0,1,0,3,4,0,5,133,12,0,2,6,4,0,10,36,2,20,2,0,0,0,57,26,0
C:\Users\draj0.CHANDRIKAV\Downloads\joda-time-main\joda-time-main\src\main\java\org\joda\time\TimeOfDay.java,org.joda.time.TimeOfDay$Property,innerclass,8,8,0,8,13,2,0,13,0,0.53846157,0.5769231,0.5769231,13,0,11,0,1,1,13,0,0,0,3,1,0,3,0,0,3,0,0,56,12,0,0,0,0,0,1,13,0,8,0,0,0,0,129,9,0
C:\Users\draj0.CHANDRIKAV\Downloads\joda-time-main\joda-time-main\src\main\java\org\joda\time\format\ISOPeriodFormat.java,org.joda.time.format.ISOPeriodFormat,class,2,14,12,2,11,1,0,15,15,0.8333333,0,0,6,5,5,0,1,0,6,0,0,0,5,5,0,5,0,0,0,0,0,40,5,0,5,0,0,27,8,5,0,5,1,0,0,0,78,1,0
C:\Users\draj0.CHANDRIKAV\Downloads\joda-time-main\joda-time-main\src\main\java\org\joda\time\TimeOfDay.java,org.joda.time.TimeOfDay,class,20,24,4,20,67,4,0,50,1373,0.94973534,0.0174703,0.05520615,54,4,51,0,1,2,54,0,0,0,7,7,5,2,0,0,7,0,26,289,46,1,7,0,3,3,25,34,4,23,2,0,1,0,369,17,0
C:\Users\draj0.CHANDRIKAV\Downloads\joda-time-main\joda-time-main\src\main\java\org\joda\time\base\BasePeriod.java,org.joda.time.base.BasePeriod$Anonymous1,anonymous,1,1,0,1,2,1,0,1,1,0,0,0,2,0,2,0,0,0,2,0,0,0,0,0,0,0,0,0,0,0,1,8,2,0,0,0,0,0,1,0,0,0,0,0,0,0,5,-1,0
C:\Users\draj0.CHANDRIKAV\Downloads\joda-time-main\joda-time-main\src\main\java\org\joda\time\DateTimeZone.java,org.joda.time.DateTimeZone$LazyInit,innerclass,5,5,0,5,2,1,0,7,1,1,-1,-1,2,2,0,2,0,0,0,0,0,0,2,2,0,0,0,2,2,0,3,60,2,0,0,0,0,66,2,4,0,4,0,1,0,0,39,24,0
C:\Users\draj0.CHANDRIKAV\Downloads\joda-time-main\joda-time-main\src\main\java\org\joda\time\Partial.java,org.joda.time.Partial$Property,innerclass,7,7,0,7,12,2,0,12,0,0.5555555,0.54545456,0.54545456,12,0,10,0,1,1,12,0,0,0,3,1,0,3,0,0,3,0,0,51,11,0,0,0,0,0,1,11,0,7,0,0,0,0,103,9,0
C:\Users\draj0.CHANDRIKAV\Downloads\joda-time-main\joda-time-main\src\main\java\org\joda\time\chrono\CopticChronology.java,org.joda.time.chrono.CopticChronology,class,14,15,1,14,30,6,0,18,89,0.9387755,0.010989011,0.010989011,14,4,6,1,1,6,14,0,0,0,7,7,1,6,0,0,7,0,12,117,13,0,12,1,5,2,31,33,18,16,4,0,0,0,188,17,0
C:\Users\draj0.CHANDRIKAV\Downloads\joda-time-main\joda-time-main\src\main\java\org\joda\time\field\ImpreciseDateTimeField.java,org.joda.time.field.ImpreciseDateTimeField,class,7,12,5,7,16,5,3,4,47,0.8484848,0.07272727,0.10909091,11,0,10,0,1,0,11,6,2,0,3,1,0,2,0,1,3,0,1,81,5,2,0,0,1,1,1,4,2,4,2,0,1,0,125,1025,0
C:\Users\draj0.CHANDRIKAV\Downloads\joda-time-main\joda-time-main\src\main\java\org\joda\time\field\PreciseDurationField.java,org.joda.time.field.PreciseDurationField,class,4,6,2,4,13,3,0,5,0,0.54545456,0.8181818,0.8181818,11,0,11,0,0,0,11,0,2,0,2,1,0,2,0,0,2,0,5,51,12,0,3,0,4,0,2,9,5,8,1,0,0,0,88,1,0
C:\Users\draj0.CHANDRIKAV\Downloads\joda-time-main\joda-time-main\src\main\java\org\joda\time\DateTimeUtils.java,org.joda.time.DateTimeUtils$FixedMillisProvider,innerclass,1,1,0,1,2,1,0,0,0,0,1,1,2,0,1,0,0,1,2,0,0,0,1,0,0,1,0,0,1,0,0,9,1,0,0,0,0,0,0,1,0,1,0,0,0,0,15,8,0
C:\Users\draj0.CHANDRIKAV\Downloads\joda-time-main\joda-time-main\src\main\java\org\joda\time\tz\DateTimeZoneBuilder.java,org.joda.time.tz.DateTimeZoneBuilder$OfYear,innerclass,5,5,0,5,44,1,0,23,0,0.29487178,0.7777778,0.7777778,13,1,7,4,0,2,9,0,0,0,6,0,0,0,0,6,6,0,7,202,13,2,26,2,0,8,30,67,11,18,3,0,0,0,71,26,0
C:\Users\draj0.CHANDRIKAV\Downloads\joda-time-main\joda-time-main\src\main\java\org\joda\time\ReadableDuration.java,org.joda.time.ReadableDuration,interface,3,22,19,3,9,1,0,0,36,0,0,0,9,0,0,0,0,9,9,0,0,0,0,0,0,0,0,0,0,0,0,11,0,0,0,0,0,0,0,0,0,0,0,0,0,0,168,1,0
C:\Users\draj0.CHANDRIKAV\Downloads\joda-time-main\joda-time-main\src\main\java\org\joda\time\chrono\BasicGJChronology.java,org.joda.time.chrono.BasicGJChronology,class,6,8,2,6,49,5,2,11,34,0.8888889,0.022222223,0.022222223,9,0,0,0,0,9,10,0,0,0,6,6,0,6,0,0,6,0,0,95,10,1,1,0,43,0,117,28,40,19,3,0,0,0,108,1024,0
C:\Users\draj0.CHANDRIKAV\Downloads\joda-time-main\joda-time-main\src\main\java\org\joda\time\format\DateTimeFormatterBuilder.java,org.joda.time.format.DateTimeFormatterBuilder$NumberFormatter,innerclass,4,4,0,4,21,1,0,7,0,0.22222222,1,1,3,0,2,0,0,1,3,0,0,0,3,0,0,0,3,0,3,0,4,70,4,2,6,1,5,0,10,21,13,10,3,0,0,0,38,1032,0
C:\Users\draj0.CHANDRIKAV\Downloads\joda-time-main\joda-time-main\src\main\java\org\joda\time\DurationField.java,org.joda.time.DurationField,class,2,68,66,2,22,1,4,3,190,0,0,0,20,0,20,0,0,0,20,18,0,0,0,0,0,0,0,0,0,0,0,32,3,0,2,0,0,1,0,0,0,0,1,0,0,0,144,1025,0
C:\Users\draj0.CHANDRIKAV\Downloads\joda-time-main\joda-time-main\src\main\java\org\joda\time\format\DateTimeFormatter.java,org.joda.time.format.DateTimeFormatter,class,23,56,33,23,98,1,0,47,683,0.75,0.1959596,0.32828283,50,0,42,5,0,3,45,0,0,0,8,0,0,8,0,0,8,0,16,364,39,0,27,9,5,4,14,85,2,57,3,0,0,0,357,1,0
C:\Users\draj0.CHANDRIKAV\Downloads\joda-time-main\joda-time-main\src\main\java\org\joda\time\format\DateTimeFormatterBuilder.java,org.joda.time.format.DateTimeFormatterBuilder$TimeZoneName,innerclass,9,9,0,9,18,1,0,10,7,0.64285713,0.26666668,0.4,7,0,5,1,0,1,6,0,0,0,4,2,0,2,0,2,4,0,2,51,8,1,6,0,3,2,6,8,2,6,2,0,0,0,47,8,0
C:\Users\draj0.CHANDRIKAV\Downloads\joda-time-main\joda-time-main\src\main\java\org\joda\time\chrono\IslamicChronology.java,org.joda.time.chrono.IslamicChronology$LeapYearPatternType,innerclass,1,1,0,1,11,1,0,0,0,0.6,0.6666667,1,5,0,2,1,0,2,4,0,0,0,3,1,0,1,0,2,3,0,0,37,9,0,1,0,4,0,8,4,2,4,1,0,0,0,72,9,0
C:\Users\draj0.CHANDRIKAV\Downloads\joda-time-main\joda-time-main\src\main\java\org\joda\time\DateTime.java,org.joda.time.DateTime,class,27,55,28,27,143,5,0,77,5671,1,0,0,107,5,107,0,0,0,107,0,0,0,1,1,0,1,0,0,1,0,9,538,114,0,36,0,2,7,37,34,1,30,1,0,1,0,411,17,0
C:\Users\draj0.CHANDRIKAV\Downloads\joda-time-main\joda-time-main\src\main\java\org\joda\time\field\DelegatedDurationField.java,org.joda.time.field.DelegatedDurationField,class,3,4,1,3,28,2,0,21,0,0.6388889,0.7862319,0.9166667,24,0,22,0,2,0,24,0,1,0,3,1,0,3,0,0,3,0,0,85,23,0,3,0,4,2,1,3,1,3,1,0,0,0,75,1,0
C:\Users\draj0.CHANDRIKAV\Downloads\joda-time-main\joda-time-main\src\main\java\org\joda\time\format\PeriodFormatterBuilder.java,org.joda.time.format.PeriodFormatterBuilder$SimpleAffix,innerclass,1,1,0,1,26,2,0,6,0,0,1,1,7,0,6,0,0,1,7,0,0,0,1,0,0,1,0,0,1,0,0,60,6,1,0,0,0,0,2,7,1,7,3,0,0,0,37,8,0
C:\Users\draj0.CHANDRIKAV\Downloads\joda-time-main\joda-time-main\src\main\java\org\joda\time\format\DateTimeParserInternalParser.java,org.joda.time.format.DateTimeParserInternalParser,class,5,10,5,5,7,1,0,3,0,0,1,1,5,1,2,1,0,2,4,0,0,0,1,0,0,1,0,0,1,0,0,24,6,0,1,0,0,0,0,1,0,1,1,0,0,0,25,0,0
C:\Users\draj0.CHANDRIKAV\Downloads\joda-time-main\joda-time-main\src\main\java\org\joda\time\convert\PeriodConverter.java,org.joda.time.convert.PeriodConverter,interface,4,11,7,4,2,1,0,0,1,0,0,0,2,0,0,0,0,2,2,0,0,0,0,0,0,0,0,0,0,0,0,4,0,0,0,0,0,0,0,0,0,0,0,0,0,0,50,1,0
C:\Users\draj0.CHANDRIKAV\Downloads\joda-time-main\joda-time-main\src\main\java\org\joda\time\ReadWritableDateTime.java,org.joda.time.ReadWritableDateTime,interface,2,3,1,2,26,1,0,0,325,0,0,0,26,0,0,0,0,26,26,0,0,0,0,0,0,0,0,0,0,0,0,28,0,0,0,0,0,0,0,0,0,0,0,0,0,0,107,1,0
C:\Users\draj0.CHANDRIKAV\Downloads\joda-time-main\joda-time-main\src\main\java\org\joda\time\chrono\ZonedChronology.java,org.joda.time.chrono.ZonedChronology$ZonedDurationField,innerclass,5,5,0,5,28,3,0,24,0,0.59375,1,1,16,0,12,3,0,1,13,0,0,0,4,1,0,1,0,3,4,0,1,83,17,0,1,0,8,2,5,15,10,13,1,0,0,0,56,8,0
C:\Users\draj0.CHANDRIKAV\Downloads\joda-time-main\joda-time-main\src\main\java\org\joda\time\convert\CalendarConverter.java,org.joda.time.convert.CalendarConverter,class,11,12,1,11,11,2,0,15,10,1,0,0,5,0,4,0,1,0,5,0,0,0,1,1,0,0,0,1,1,0,7,48,9,0,3,1,0,1,1,8,0,6,2,0,0,0,91,16,0
C:\Users\draj0.CHANDRIKAV\Downloads\joda-time-main\joda-time-main\src\main\java\org\joda\time\format\PeriodFormatterBuilder.java,org.joda.time.format.PeriodFormatterBuilder$Separator,innerclass,5,5,0,5,49,1,0,14,0,0.4761905,0.9047619,1,7,0,5,0,0,2,7,0,0,0,9,0,0,9,0,0,7,0,1,147,8,2,8,0,5,0,31,41,1,30,4,0,0,0,68,8,0
C:\Users\draj0.CHANDRIKAV\Downloads\joda-time-main\joda-time-main\src\main\java\org\joda\time\Instant.java,org.joda.time.Instant,class,15,21,6,15,27,2,0,20,211,0.92424244,0.043290045,0.043290045,22,5,22,0,0,0,22,0,0,0,3,2,1,2,0,0,3,0,9,82,21,0,5,0,1,0,10,7,0,5,1,0,0,0,220,17,0
C:\Users\draj0.CHANDRIKAV\Downloads\joda-time-main\joda-time-main\src\main\java\org\joda\time\chrono\LimitChronology.java,org.joda.time.chrono.LimitChronology$LimitDurationField,innerclass,3,3,0,3,9,4,0,11,36,1,0,0,9,0,8,0,0,1,9,0,0,0,1,1,0,1,0,0,1,0,0,44,8,0,0,0,0,6,1,3,0,3,0,0,0,0,27,2,0
C:\Users\draj0.CHANDRIKAV\Downloads\joda-time-main\joda-time-main\src\main\java\org\joda\time\chrono\BasicDayOfYearDateTimeField.java,org.joda.time.chrono.BasicDayOfYearDateTimeField,class,9,11,2,9,16,4,0,14,0,0.54545456,0.8,0.8,11,0,8,1,1,1,10,0,0,0,2,1,0,2,0,0,2,0,4,51,12,1,1,0,1,1,5,8,1,8,2,0,0,0,70,16,0
C:\Users\draj0.CHANDRIKAV\Downloads\joda-time-main\joda-time-main\src\main\java\org\joda\time\DurationFieldType.java,org.joda.time.DurationFieldType$StandardDurationFieldType,innerclass,5,5,0,5,31,2,0,13,0,0.5,1,1,5,0,3,1,0,1,4,0,0,0,2,1,0,2,0,0,2,0,1,81,29,0,2,0,2,0,2,3,1,2,1,0,0,0,60,10,0
C:\Users\draj0.CHANDRIKAV\Downloads\joda-time-main\joda-time-main\src\main\java\org\joda\time\chrono\BuddhistChronology.java,org.joda.time.chrono.BuddhistChronology,class,18,20,2,18,21,4,0,22,53,0.92424244,0.027777778,0.027777778,11,3,8,2,1,0,9,0,0,0,6,6,1,5,0,0,6,0,17,89,12,0,9,0,0,4,15,34,3,14,2,0,0,0,162,17,0
C:\Users\draj0.CHANDRIKAV\Downloads\joda-time-main\joda-time-main\src\main\java\org\joda\time\format\DateTimeFormatterBuilder.java,org.joda.time.format.DateTimeFormatterBuilder$StringLiteral,innerclass,7,7,0,7,7,1,0,3,0,0,1,1,6,0,5,0,0,1,6,0,0,0,1,0,0,1,0,0,1,0,1,25,4,0,0,0,0,0,0,1,1,1,1,0,0,0,36,8,0
C:\Users\draj0.CHANDRIKAV\Downloads\joda-time-main\joda-time-main\src\main\java\org\joda\time\tz\DateTimeZoneBuilder.java,org.joda.time.tz.DateTimeZoneBuilder$Recurrence,innerclass,3,3,0,3,15,1,0,13,0,0.33333334,0.67948717,0.84615386,13,1,9,0,0,4,13,0,0,0,3,0,0,0,0,3,3,0,4,55,13,0,2,0,1,2,0,4,2,4,1,0,0,0,51,26,0
C:\Users\draj0.CHANDRIKAV\Downloads\joda-time-main\joda-time-main\src\main\java\org\joda\time\format\PeriodFormatterBuilder.java,org.joda.time.format.PeriodFormatterBuilder$RegExAffix$Anonymous1,anonymous,0,0,0,0,1,1,0,1,0,0,NaN,NaN,1,0,1,0,0,0,1,0,0,0,0,0,0,0,0,0,0,0,0,5,1,0,0,0,0,0,0,0,1,0,0,0,0,0,2,-1,0
C:\Users\draj0.CHANDRIKAV\Downloads\joda-time-main\joda-time-main\src\main\java\org\joda\time\convert\ReadablePartialConverter.java,org.joda.time.convert.ReadablePartialConverter,class,8,9,1,8,7,2,0,8,10,1,0,0,5,0,4,0,1,0,5,0,0,0,1,1,0,0,0,1,1,0,1,29,4,1,1,0,1,0,1,8,0,5,1,0,0,0,88,0,0
C:\Users\draj0.CHANDRIKAV\Downloads\joda-time-main\joda-time-main\src\main\java\org\joda\time\format\ISODateTimeFormat.java,org.joda.time.format.ISODateTimeFormat$Constants,innerclass,6,6,0,6,118,1,0,95,1711,0.98305124,-1,-1,59,59,0,59,0,0,0,0,0,0,1,1,0,1,0,0,1,0,172,362,118,0,59,0,0,4,47,64,0,64,1,0,0,0,101,24,0
C:\Users\draj0.CHANDRIKAV\Downloads\joda-time-main\joda-time-main\src\main\java\org\joda\time\convert\Converter.java,org.joda.time.convert.Converter,interface,0,9,9,0,1,1,0,0,0,0,NaN,NaN,1,0,0,0,0,1,1,0,0,0,0,0,0,0,0,0,0,0,0,3,0,0,0,0,0,0,0,0,0,0,0,0,0,0,24,1,0
C:\Users\draj0.CHANDRIKAV\Downloads\joda-time-main\joda-time-main\src\main\java\org\joda\time\DateTimeUtils.java,org.joda.time.DateTimeUtils$OffsetMillisProvider,innerclass,1,1,0,1,2,1,0,1,0,0,1,1,2,0,1,0,0,1,2,0,0,0,1,0,0,1,0,0,1,0,1,9,1,0,0,0,0,0,0,1,1,1,0,0,0,0,15,8,0
C:\Users\draj0.CHANDRIKAV\Downloads\joda-time-main\joda-time-main\src\main\java\org\joda\time\DateTimeUtils.java,org.joda.time.DateTimeUtils$MillisProvider,interface,0,0,0,0,1,1,0,0,0,0,NaN,NaN,1,0,0,0,0,1,1,0,0,0,0,0,0,0,0,0,0,0,0,3,0,0,0,0,0,0,0,0,0,0,0,0,0,0,23,9,0
C:\Users\draj0.CHANDRIKAV\Downloads\joda-time-main\joda-time-main\src\main\java\org\joda\time\chrono\GJYearOfEraDateTimeField.java,org.joda.time.chrono.GJYearOfEraDateTimeField,class,10,12,2,10,18,4,0,19,108,0.875,0.028571429,0.028571429,16,0,14,1,0,1,15,0,0,0,2,1,0,2,0,0,2,0,2,61,15,0,0,0,0,1,7,5,2,3,1,0,0,0,70,16,0
C:\Users\draj0.CHANDRIKAV\Downloads\joda-time-main\joda-time-main\src\main\java\org\joda\time\convert\PartialConverter.java,org.joda.time.convert.PartialConverter,interface,6,18,12,6,4,1,0,0,6,0,0,0,4,0,0,0,0,4,4,0,0,0,0,0,0,0,0,0,0,0,0,6,0,0,0,0,0,0,0,0,0,0,0,0,0,0,93,1,0
C:\Users\draj0.CHANDRIKAV\Downloads\joda-time-main\joda-time-main\src\main\java\org\joda\time\Seconds.java,org.joda.time.Seconds,class,23,30,7,23,44,2,0,28,313,0.951923,0.003623189,0.003623189,26,6,24,2,0,0,24,0,0,0,8,8,6,2,0,0,8,0,31,138,40,0,8,0,2,2,13,16,7,16,1,0,0,0,277,17,0
C:\Users\draj0.CHANDRIKAV\Downloads\joda-time-main\joda-time-main\src\main\java\org\joda\time\field\RemainderDateTimeField.java,org.joda.time.field.RemainderDateTimeField,class,9,14,5,9,25,4,0,17,106,0.78749996,0.19883041,0.2631579,20,0,19,1,0,0,19,0,0,0,4,1,0,1,0,3,4,0,2,100,17,0,1,0,5,3,15,14,14,7,1,0,0,0,113,1,0
C:\Users\draj0.CHANDRIKAV\Downloads\joda-time-main\joda-time-main\src\main\java\org\joda\time\JodaTimePermission.java,org.joda.time.JodaTimePermission,class,0,3,3,0,1,3,0,0,0,1,NaN,NaN,1,0,1,0,0,0,1,0,0,0,1,1,0,1,0,0,1,0,0,6,0,0,0,0,0,0,1,1,0,1,0,0,0,0,62,1,0
C:\Users\draj0.CHANDRIKAV\Downloads\joda-time-main\joda-time-main\src\main\java\org\joda\time\chrono\BasicWeekOfWeekyearDateTimeField.java,org.joda.time.chrono.BasicWeekOfWeekyearDateTimeField,class,9,11,2,9,17,4,0,15,36,0.7307692,0.22727273,0.22727273,13,0,10,1,1,1,12,0,0,0,2,1,0,2,0,0,2,0,4,56,14,1,1,0,0,1,13,7,10,7,2,0,0,0,72,16,0
C:\Users\draj0.CHANDRIKAV\Downloads\joda-time-main\joda-time-main\src\main\java\org\joda\time\DateTimeFieldType.java,org.joda.time.DateTimeFieldType,class,5,81,76,5,30,2,2,15,433,0.9826391,0.002298851,0.002298851,30,23,29,0,1,0,30,3,0,0,26,25,0,25,0,1,26,0,43,248,26,0,0,0,0,23,24,48,0,48,0,0,1,0,183,1025,0
C:\Users\draj0.CHANDRIKAV\Downloads\joda-time-main\joda-time-main\src\main\java\org\joda\time\format\DateTimeFormatterBuilder.java,org.joda.time.format.DateTimeFormatterBuilder$Fraction,innerclass,13,13,0,13,46,1,0,21,4,0.5833333,0.3809524,0.47619048,8,0,5,1,2,0,7,0,0,0,3,0,0,1,2,0,1,0,5,176,9,6,5,1,4,0,54,48,12,25,3,0,0,0,80,8,0
C:\Users\draj0.CHANDRIKAV\Downloads\joda-time-main\joda-time-main\src\main\java\org\joda\time\format\DateTimeFormatterBuilder.java,org.joda.time.format.DateTimeFormatterBuilder$FixedNumber,innerclass,3,3,0,3,9,3,0,2,1,0,0,0,2,0,1,0,1,0,2,0,0,0,0,0,0,0,0,0,0,0,0,27,4,0,3,0,1,0,2,3,2,3,3,0,0,0,24,8,0
C:\Users\draj0.CHANDRIKAV\Downloads\joda-time-main\joda-time-main\src\main\java\org\joda\time\MutableDateTime.java,org.joda.time.MutableDateTime$Property,innerclass,7,7,0,7,18,2,0,19,0,0.6111111,0.8833333,1,18,0,13,2,2,1,16,0,0,0,3,1,0,3,0,0,1,0,0,75,15,0,0,0,0,0,1,6,0,4,0,0,0,0,125,25,0
C:\Users\draj0.CHANDRIKAV\Downloads\joda-time-main\joda-time-main\src\main\java\org\joda\time\chrono\LimitChronology.java,org.joda.time.chrono.LimitChronology$LimitDateTimeField,innerclass,4,4,0,4,26,4,0,25,319,0.94230765,0.009230769,0.018461538,26,0,25,0,0,1,26,0,3,0,4,1,0,4,0,0,4,0,0,131,25,0,0,0,0,16,1,15,0,15,0,0,0,0,51,2,0
C:\Users\draj0.CHANDRIKAV\Downloads\joda-time-main\joda-time-main\src\main\java\org\joda\time\ReadableInterval.java,org.joda.time.ReadableInterval,interface,9,26,17,9,21,1,0,0,210,0,0,0,21,0,0,0,0,21,21,0,0,0,0,0,0,0,0,0,0,0,0,23,0,0,0,0,0,0,0,0,0,0,0,0,0,0,199,1,0
C:\Users\draj0.CHANDRIKAV\Downloads\joda-time-main\joda-time-main\src\main\java\org\joda\time\tz\DateTimeZoneBuilder.java,org.joda.time.tz.DateTimeZoneBuilder$PrecalculatedZone,innerclass,14,14,0,14,84,2,0,50,0,0.551282,0.42424244,0.42424244,13,2,10,1,0,2,12,0,0,0,6,1,0,6,0,0,6,0,20,303,36,11,18,1,11,12,72,96,31,70,4,0,0,0,125,26,0
C:\Users\draj0.CHANDRIKAV\Downloads\joda-time-main\joda-time-main\src\main\java\org\joda\time\field\LenientDateTimeField.java,org.joda.time.field.LenientDateTimeField,class,8,11,3,8,7,3,0,11,4,0.75,0.16666667,0.16666667,4,1,3,0,1,0,4,0,1,0,2,1,0,2,0,0,2,0,1,29,5,0,1,0,1,0,1,6,0,4,1,0,0,0,71,1,0
C:\Users\draj0.CHANDRIKAV\Downloads\joda-time-main\joda-time-main\src\main\java\org\joda\time\base\AbstractDateTime.java,org.joda.time.base.AbstractDateTime,class,11,17,6,11,29,2,1,33,300,0,0,0,25,0,24,0,1,0,25,0,0,0,0,0,0,0,0,0,0,0,4,95,26,0,4,0,0,1,0,5,0,4,1,0,0,0,193,1025,0
C:\Users\draj0.CHANDRIKAV\Downloads\joda-time-main\joda-time-main\src\main\java\org\joda\time\field\SkipUndoDateTimeField.java,org.joda.time.field.SkipUndoDateTimeField,class,5,6,1,5,10,3,0,7,3,0.6666667,0.5,0.6,6,0,5,1,0,0,5,0,0,0,4,1,0,4,0,0,3,0,1,44,4,0,1,0,0,0,4,8,2,6,1,0,0,0,64,17,0
C:\Users\draj0.CHANDRIKAV\Downloads\joda-time-main\joda-time-main\src\main\java\org\joda\time\convert\AbstractConverter.java,org.joda.time.convert.AbstractConverter,class,10,21,11,10,10,1,10,9,36,0,0,0,9,0,8,0,1,0,9,0,0,0,0,0,0,0,0,0,0,0,4,30,8,0,1,0,1,3,0,1,1,1,0,0,0,0,116,1025,0
C:\Users\draj0.CHANDRIKAV\Downloads\joda-time-main\joda-time-main\src\main\java\org\joda\time\field\DelegatedDateTimeField.java,org.joda.time.field.DelegatedDateTimeField,class,6,12,6,6,57,2,4,50,0,0.75,0.8238994,0.8909853,54,0,54,0,0,0,54,0,1,0,4,1,0,4,0,0,4,0,0,177,52,0,3,0,2,2,1,4,1,4,1,0,0,0,94,1,0
C:\Users\draj0.CHANDRIKAV\Downloads\joda-time-main\joda-time-main\src\main\java\org\joda\time\chrono\BasicChronology.java,org.joda.time.chrono.BasicChronology,class,28,47,19,28,90,8,3,67,1269,0.9803923,0.00244898,0.00244898,51,0,7,2,1,41,50,14,0,0,23,21,0,23,0,0,23,0,38,383,51,0,15,0,30,4,80,110,74,62,2,0,2,0,241,1024,0
C:\Users\draj0.CHANDRIKAV\Downloads\joda-time-main\joda-time-main\src\main\java\org\joda\time\chrono\BasicYearDateTimeField.java,org.joda.time.chrono.BasicYearDateTimeField,class,8,10,2,8,24,4,0,19,0,0.6315789,0.50980395,0.50980395,19,0,17,1,0,1,18,0,0,0,2,1,0,1,1,0,2,0,6,87,22,0,3,0,0,1,8,9,4,8,1,0,0,0,76,0,0
C:\Users\draj0.CHANDRIKAV\Downloads\joda-time-main\joda-time-main\src\main\java\org\joda\time\chrono\ISOChronology.java,org.joda.time.chrono.ISOChronology$Stub,innerclass,2,2,0,2,4,1,0,3,0,0.5,NaN,NaN,4,0,0,3,0,1,1,0,0,0,2,1,0,2,0,0,1,0,1,16,1,0,0,0,0,0,1,3,0,2,0,0,0,0,28,26,0
C:\Users\draj0.CHANDRIKAV\Downloads\joda-time-main\joda-time-main\src\main\java\org\joda\time\format\DateTimeFormatterBuilder.java,org.joda.time.format.DateTimeFormatterBuilder,class,26,38,12,26,133,5,0,57,2830,0.94078946,4.39E-04,4.39E-04,76,3,65,8,0,3,68,0,0,0,2,0,0,2,0,0,0,0,49,1625,84,4,28,0,6,19,39,40,7,27,4,0,14,0,535,1,0
C:\Users\draj0.CHANDRIKAV\Downloads\joda-time-main\joda-time-main\src\main\java\org\joda\time\chrono\EthiopicChronology.java,org.joda.time.chrono.EthiopicChronology,class,14,15,1,14,29,6,0,18,89,0.9387755,0.010989011,0.010989011,14,4,6,1,1,6,14,0,0,0,7,7,1,6,0,0,7,0,12,115,13,0,11,1,4,2,29,31,18,15,4,0,0,0,189,17,0
C:\Users\draj0.CHANDRIKAV\Downloads\joda-time-main\joda-time-main\src\main\java\org\joda\time\tz\CachedDateTimeZone.java,org.joda.time.tz.CachedDateTimeZone$Info,innerclass,2,2,0,2,13,1,0,6,0,0.41666666,1,1,4,0,3,0,0,1,4,0,0,0,6,0,2,3,0,1,2,0,0,39,6,0,6,0,0,0,0,7,0,6,2,0,0,0,18,26,0
C:\Users\draj0.CHANDRIKAV\Downloads\joda-time-main\joda-time-main\src\main\java\org\joda\time\PeriodType.java,org.joda.time.PeriodType,class,5,31,26,5,91,1,0,48,657,0.97008556,0.024182077,0.051209103,39,18,34,1,1,3,38,0,0,1,30,27,0,22,0,8,5,0,99,365,45,5,38,0,4,33,177,101,7,68,2,0,0,0,202,1,0
C:\Users\draj0.CHANDRIKAV\Downloads\joda-time-main\joda-time-main\src\main\java\org\joda\time\field\MillisDurationField.java,org.joda.time.field.MillisDurationField,class,4,5,1,4,26,2,0,6,253,0.9782609,0,0,23,0,21,2,0,0,21,0,2,0,2,2,1,1,0,0,2,0,8,86,25,0,2,0,1,2,5,4,0,4,1,0,0,0,77,17,0
C:\Users\draj0.CHANDRIKAV\Downloads\joda-time-main\joda-time-main\src\main\java\org\joda\time\format\InternalPrinter.java,org.joda.time.format.InternalPrinter,interface,3,18,15,3,3,1,0,0,3,0,0,0,3,0,0,0,0,3,3,0,0,0,0,0,0,0,0,0,0,0,0,5,0,0,0,0,0,0,0,0,0,0,0,0,0,0,79,0,0
C:\Users\draj0.CHANDRIKAV\Downloads\joda-time-main\joda-time-main\src\main\java\org\joda\time\chrono\GJChronology.java,org.joda.time.chrono.GJChronology,class,23,27,4,23,53,12,0,76,167,0.80769235,0.26666668,0.7285714,26,8,16,5,1,4,21,0,0,0,8,3,0,7,0,1,3,0,21,664,30,0,21,1,3,7,19,72,5,30,2,0,3,0,237,17,0
C:\Users\draj0.CHANDRIKAV\Downloads\joda-time-main\joda-time-main\src\main\java\org\joda\time\chrono\IslamicChronology.java,org.joda.time.chrono.IslamicChronology,class,13,14,1,13,63,5,0,25,431,0.9516129,0.03655914,0.047311828,31,4,9,1,1,20,31,0,0,0,24,23,5,19,0,0,24,0,12,268,37,2,19,0,18,5,66,69,44,49,4,0,1,0,266,17,0
C:\Users\draj0.CHANDRIKAV\Downloads\joda-time-main\joda-time-main\src\main\java\org\joda\time\format\DateTimeFormatterBuilder.java,org.joda.time.format.DateTimeFormatterBuilder$TextField,innerclass,12,12,0,12,22,1,0,38,10,0.625,0.13333334,0.2,8,0,5,2,0,1,6,0,0,0,3,1,0,3,0,0,2,0,3,108,10,2,3,2,1,7,9,25,2,18,2,0,0,0,54,8,0
C:\Users\draj0.CHANDRIKAV\Downloads\joda-time-main\joda-time-main\src\main\java\org\joda\time\LocalDateTime.java,org.joda.time.LocalDateTime$Property,innerclass,6,6,0,6,20,2,0,21,0,0.5,0.6666667,0.6862745,20,0,15,2,2,1,18,0,0,0,3,1,0,3,0,0,1,0,0,70,17,0,0,0,0,0,1,6,0,4,0,0,0,0,186,25,0
C:\Users\draj0.CHANDRIKAV\Downloads\joda-time-main\joda-time-main\src\main\java\org\joda\time\chrono\BasicFixedMonthChronology.java,org.joda.time.chrono.BasicFixedMonthChronology,class,3,6,3,3,22,5,2,7,77,0.8333333,0.13333334,0.13333334,15,0,0,0,0,15,15,0,0,0,4,4,0,1,0,3,4,0,0,70,14,0,3,0,12,0,20,15,17,13,2,0,0,0,114,1024,0
C:\Users\draj0.CHANDRIKAV\Downloads\joda-time-main\joda-time-main\src\main\java\org\joda\time\YearMonthDay.java,org.joda.time.YearMonthDay$Property,innerclass,8,8,0,8,12,2,0,12,0,0.5555555,0.54545456,0.54545456,12,0,10,0,1,1,12,0,0,0,3,1,0,3,0,0,3,0,0,51,11,0,0,0,0,0,1,11,0,7,0,0,0,0,124,9,0
C:\Users\draj0.CHANDRIKAV\Downloads\joda-time-main\joda-time-main\src\main\java\org\joda\time\field\UnsupportedDateTimeField.java,org.joda.time.field.UnsupportedDateTimeField,class,6,8,2,6,60,2,0,10,1395,0.9490741,7.84E-04,7.84E-04,54,1,51,3,0,0,51,0,0,1,4,2,0,4,0,0,3,0,1,187,15,0,6,0,0,2,2,8,1,5,2,0,0,0,123,17,0
C:\Users\draj0.CHANDRIKAV\Downloads\joda-time-main\joda-time-main\src\main\java\org\joda\time\chrono\ISOYearOfEraDateTimeField.java,org.joda.time.chrono.ISOYearOfEraDateTimeField,class,10,11,1,10,18,4,0,19,120,0.96875,0,0,16,0,14,2,0,0,14,0,0,0,2,2,0,1,0,1,2,0,4,57,15,0,0,0,0,1,5,4,0,3,1,0,0,0,78,0,0
C:\Users\draj0.CHANDRIKAV\Downloads\joda-time-main\joda-time-main\src\main\java\org\joda\time\field\ScaledDurationField.java,org.joda.time.field.ScaledDurationField,class,6,9,3,6,21,4,0,15,0,0.5,1,1,17,0,17,0,0,0,17,0,0,0,2,1,0,2,0,0,2,0,3,76,18,0,5,0,11,1,4,13,11,11,1,0,0,0,88,1,0
C:\Users\draj0.CHANDRIKAV\Downloads\joda-time-main\joda-time-main\src\main\java\org\joda\time\tz\ZoneInfoLogger.java,org.joda.time.tz.ZoneInfoLogger$Anonymous1,anonymous,0,0,0,0,1,1,0,0,0,0,NaN,NaN,1,0,0,0,1,0,1,0,0,0,0,0,0,0,0,0,0,0,0,5,1,0,0,0,0,0,0,0,0,0,0,0,0,0,3,-1,0
C:\Users\draj0.CHANDRIKAV\Downloads\joda-time-main\joda-time-main\src\main\java\org\joda\time\tz\ZoneInfoCompiler.java,org.joda.time.tz.ZoneInfoCompiler$Zone,innerclass,5,5,0,5,15,1,0,15,3,0.5,0.16666667,0.16666667,6,1,2,2,0,2,4,0,0,0,7,0,6,1,0,0,6,0,6,72,2,1,6,1,0,13,1,15,4,12,4,0,0,0,46,10,0
C:\Users\draj0.CHANDRIKAV\Downloads\joda-time-main\joda-time-main\src\main\java\org\joda\time\field\PreciseDurationDateTimeField.java,org.joda.time.field.PreciseDurationDateTimeField,class,5,11,6,5,15,3,5,7,13,0.73333335,0.35555556,0.46666667,10,0,9,0,1,0,10,0,1,0,3,1,0,2,0,1,3,0,1,61,12,0,0,0,2,3,10,5,18,3,1,0,0,0,117,1025,0
C:\Users\draj0.CHANDRIKAV\Downloads\joda-time-main\joda-time-main\src\main\java\org\joda\time\MonthDay.java,org.joda.time.MonthDay,class,23,25,2,23,60,4,0,48,912,0.9454546,0.014396456,0.024363233,44,7,40,1,1,2,43,0,0,0,5,5,2,3,0,0,5,0,22,252,41,1,12,0,0,7,12,25,3,18,2,0,1,0,365,17,0
C:\Users\draj0.CHANDRIKAV\Downloads\joda-time-main\joda-time-main\src\main\java\org\joda\time\chrono\GJCacheKey.java,org.joda.time.chrono.GJCacheKey,class,4,6,2,4,15,1,0,4,0,0,1,1,3,0,2,0,0,1,3,0,0,0,3,0,0,3,0,0,3,0,0,50,10,0,9,0,5,0,4,9,6,6,2,0,0,0,31,0,0
C:\Users\draj0.CHANDRIKAV\Downloads\joda-time-main\joda-time-main\src\main\java\org\joda\time\MutablePeriod.java,org.joda.time.MutablePeriod,class,18,24,6,18,77,3,0,52,2556,1,0,0,72,2,72,0,0,0,72,0,0,0,1,1,0,1,0,0,1,0,35,245,12,0,4,1,0,1,9,8,0,6,1,0,0,0,284,1,0
C:\Users\draj0.CHANDRIKAV\Downloads\joda-time-main\joda-time-main\src\main\java\org\joda\time\MutableDateTime.java,org.joda.time.MutableDateTime,class,24,33,9,24,119,5,0,76,3474,0.9801587,0.001434309,0.00172117,84,5,84,0,0,0,84,0,0,0,9,7,6,3,0,0,7,0,14,442,29,0,25,1,3,9,20,35,2,26,2,0,1,0,377,1,0
C:\Users\draj0.CHANDRIKAV\Downloads\joda-time-main\joda-time-main\src\main\java\org\joda\time\tz\CachedDateTimeZone.java,org.joda.time.tz.CachedDateTimeZone,class,3,5,2,3,25,2,0,13,4,0.75,0.27272728,0.27272728,13,1,10,3,0,0,11,0,0,0,4,2,0,4,0,0,4,0,1,138,15,2,5,1,6,1,13,25,6,16,2,0,1,0,92,1,0
C:\Users\draj0.CHANDRIKAV\Downloads\joda-time-main\joda-time-main\src\main\java\org\joda\time\ReadableDateTime.java,org.joda.time.ReadableDateTime,interface,3,10,7,3,22,1,0,0,231,0,0,0,22,0,0,0,0,22,22,0,0,0,0,0,0,0,0,0,0,0,0,24,0,0,0,0,0,0,0,0,0,0,0,0,0,0,124,1,0
C:\Users\draj0.CHANDRIKAV\Downloads\joda-time-main\joda-time-main\src\main\java\org\joda\time\format\PeriodFormatterBuilder.java,org.joda.time.format.PeriodFormatterBuilder$Literal,innerclass,5,5,0,5,7,1,0,4,0,0.5833333,0.6666667,0.6666667,6,0,5,0,0,1,6,0,0,0,2,1,0,1,0,1,2,0,0,25,4,0,0,0,0,1,2,2,1,2,1,0,0,0,39,8,0
C:\Users\draj0.CHANDRIKAV\Downloads\joda-time-main\joda-time-main\src\main\java\org\joda\time\format\PeriodParser.java,org.joda.time.format.PeriodParser,interface,1,9,8,1,1,1,0,0,0,0,NaN,NaN,1,0,0,0,0,1,1,0,0,0,0,0,0,0,0,0,0,0,0,3,0,0,0,0,0,0,0,0,0,0,0,0,0,0,83,1,0
C:\Users\draj0.CHANDRIKAV\Downloads\joda-time-main\joda-time-main\src\main\java\org\joda\time\format\PeriodFormatterBuilder.java,org.joda.time.format.PeriodFormatterBuilder$PluralAffix,innerclass,1,1,0,1,21,2,0,5,0,0,1,1,7,0,6,0,0,1,7,0,0,0,2,0,0,2,0,0,2,0,0,65,8,1,3,0,1,0,7,16,2,12,3,0,0,0,48,8,0
C:\Users\draj0.CHANDRIKAV\Downloads\joda-time-main\joda-time-main\src\main\java\org\joda\time\DateMidnight.java,org.joda.time.DateMidnight,class,23,28,5,23,92,5,0,44,2211,1,0,0,67,5,66,0,1,0,67,0,0,0,1,1,0,1,0,0,1,0,6,355,69,0,25,0,2,7,33,22,1,20,1,0,1,0,350,17,0
C:\Users\draj0.CHANDRIKAV\Downloads\joda-time-main\joda-time-main\src\main\java\org\joda\time\tz\ZoneInfoProvider.java,org.joda.time.tz.ZoneInfoProvider$Anonymous1,anonymous,0,0,0,0,2,1,0,2,0,0,NaN,NaN,1,0,1,0,0,0,1,0,0,0,0,0,0,0,0,0,0,0,1,10,2,0,1,0,0,0,0,0,0,0,1,0,0,0,7,-1,0
C:\Users\draj0.CHANDRIKAV\Downloads\joda-time-main\joda-time-main\src\main\java\org\joda\time\convert\DurationConverter.java,org.joda.time.convert.DurationConverter,interface,1,8,7,1,1,1,0,0,0,0,NaN,NaN,1,0,0,0,0,1,1,0,0,0,0,0,0,0,0,0,0,0,0,3,0,0,0,0,0,0,0,0,0,0,0,0,0,0,32,1,0
C:\Users\draj0.CHANDRIKAV\Downloads\joda-time-main\joda-time-main\src\main\java\org\joda\time\chrono\GJMonthOfYearDateTimeField.java,org.joda.time.chrono.GJMonthOfYearDateTimeField,class,3,4,1,3,6,5,0,6,15,1,0,0,6,0,4,0,1,1,6,0,0,0,1,1,0,1,0,0,1,0,5,21,5,0,0,0,0,1,2,1,0,1,0,0,0,0,48,16,0
C:\Users\draj0.CHANDRIKAV\Downloads\joda-time-main\joda-time-main\src\main\java\org\joda\time\format\DateTimeParserBucket.java,org.joda.time.format.DateTimeParserBucket$SavedState,innerclass,3,3,0,3,4,1,0,0,0,0,1,1,2,0,0,0,0,2,2,0,0,0,4,0,0,0,0,4,4,0,0,25,2,0,1,0,0,0,0,9,0,4,1,0,0,0,16,0,0
C:\Users\draj0.CHANDRIKAV\Downloads\joda-time-main\joda-time-main\src\main\java\org\joda\time\chrono\BasicWeekyearDateTimeField.java,org.joda.time.chrono.BasicWeekyearDateTimeField,class,8,10,2,8,29,4,0,24,26,0.7647059,0.375,0.375,17,0,15,1,0,1,16,0,0,0,3,2,0,3,0,0,3,0,4,104,19,0,2,0,5,1,9,27,11,18,1,0,0,0,112,16,0
C:\Users\draj0.CHANDRIKAV\Downloads\joda-time-main\joda-time-main\src\main\java\org\joda\time\tz\DateTimeZoneBuilder.java,org.joda.time.tz.DateTimeZoneBuilder$Rule,innerclass,5,5,0,5,12,1,0,8,0,0.41666666,0.75,1,8,0,7,0,0,1,8,0,0,0,3,0,0,0,0,3,3,0,1,52,7,0,1,0,0,4,2,13,5,8,2,0,0,0,31,26,0
C:\Users\draj0.CHANDRIKAV\Downloads\joda-time-main\joda-time-main\src\main\java\org\joda\time\Days.java,org.joda.time.Days,class,23,30,7,23,48,2,0,28,313,0.95512813,0.003623189,0.003623189,26,6,24,2,0,0,24,0,0,0,12,12,10,2,0,0,12,0,34,150,44,0,8,0,2,2,21,20,4,20,1,0,0,0,290,17,0
C:\Users\draj0.CHANDRIKAV\Downloads\joda-time-main\joda-time-main\src\main\java\org\joda\time\format\DateTimeFormatterBuilder.java,org.joda.time.format.DateTimeFormatterBuilder$MatchingParser,innerclass,2,2,0,2,20,1,0,5,0,0.33333334,0.6666667,1,3,0,2,0,0,1,3,0,0,0,2,0,0,2,0,0,2,0,0,67,5,2,5,0,2,0,6,22,2,16,4,0,0,0,34,8,0
C:\Users\draj0.CHANDRIKAV\Downloads\joda-time-main\joda-time-main\src\main\java\org\joda\time\chrono\BasicSingleEraDateTimeField.java,org.joda.time.chrono.BasicSingleEraDateTimeField,class,7,11,4,7,18,3,0,6,96,0.75,0.1,0.1,16,0,15,0,0,1,16,0,0,0,2,1,0,2,0,0,2,0,5,57,15,0,2,0,0,1,0,2,0,2,1,0,0,0,62,16,0
C:\Users\draj0.CHANDRIKAV\Downloads\joda-time-main\joda-time-main\src\main\java\org\joda\time\format\DateTimeFormat.java,org.joda.time.format.DateTimeFormat,class,9,21,12,9,123,1,0,55,166,0.88000005,0.2647059,0.4852941,25,24,15,8,1,1,17,0,0,0,11,11,0,3,0,8,11,0,28,468,29,3,21,0,4,7,53,52,14,38,5,0,2,0,338,1,0
C:\Users\draj0.CHANDRIKAV\Downloads\joda-time-main\joda-time-main\src\main\java\org\joda\time\YearMonth.java,org.joda.time.YearMonth$Property,innerclass,8,8,0,8,10,2,0,9,0,0.46666667,0.8,0.8,10,0,8,0,1,1,10,0,0,0,3,1,0,3,0,0,3,0,0,45,9,0,0,0,0,0,1,11,0,7,0,0,0,0,100,9,0
C:\Users\draj0.CHANDRIKAV\Downloads\joda-time-main\joda-time-main\src\main\java\org\joda\time\chrono\LimitChronology.java,org.joda.time.chrono.LimitChronology,class,20,28,8,20,45,14,0,34,92,0.8125,0.06410257,0.07692308,16,1,11,3,1,1,13,0,0,0,4,1,0,2,0,2,3,0,4,374,21,0,22,0,6,10,5,62,2,17,1,0,3,0,139,17,0
C:\Users\draj0.CHANDRIKAV\Downloads\joda-time-main\joda-time-main\src\main\java\org\joda\time\tz\UTCProvider.java,org.joda.time.tz.UTCProvider,class,2,3,1,2,4,1,0,2,3,0.6666667,0,0,3,0,3,0,0,0,3,0,0,0,1,1,0,1,0,0,1,0,1,15,3,0,0,0,0,2,0,1,0,1,1,0,0,0,41,17,0
C:\Users\draj0.CHANDRIKAV\Downloads\joda-time-main\joda-time-main\src\main\java\org\joda\time\format\InternalPrinterDateTimePrinter.java,org.joda.time.format.InternalPrinterDateTimePrinter,class,7,11,4,7,18,1,0,6,0,0,1,1,11,1,9,1,0,1,10,0,0,0,1,0,0,1,0,0,1,0,0,60,9,0,2,2,1,0,0,2,0,2,1,0,0,0,41,0,0
C:\Users\draj0.CHANDRIKAV\Downloads\joda-time-main\joda-time-main\src\main\java\org\joda\time\ReadableInstant.java,org.joda.time.ReadableInstant,interface,5,42,37,5,12,1,0,0,66,0,0,0,12,0,0,0,0,12,12,0,0,0,0,0,0,0,0,0,0,0,0,14,0,0,0,0,0,0,0,0,0,0,0,0,0,0,179,1,0
C:\Users\draj0.CHANDRIKAV\Downloads\joda-time-main\joda-time-main\src\main\java\org\joda\time\base\BaseSingleFieldPeriod.java,org.joda.time.base.BaseSingleFieldPeriod,class,14,22,8,14,41,1,7,31,147,0.9259259,0.019607844,0.019607844,18,3,12,0,6,0,18,2,0,0,3,2,0,3,0,0,2,0,9,124,20,2,19,0,2,8,22,23,8,19,3,0,0,0,226,1025,0
C:\Users\draj0.CHANDRIKAV\Downloads\joda-time-main\joda-time-main\src\main\java\org\joda\time\convert\NullConverter.java,org.joda.time.convert.NullConverter,class,12,13,1,12,5,2,0,4,10,1,0,0,5,0,4,0,1,0,5,0,0,0,1,1,0,0,0,1,1,0,1,20,2,0,0,0,0,0,1,2,0,2,0,0,0,0,70,0,0
C:\Users\draj0.CHANDRIKAV\Downloads\joda-time-main\joda-time-main\src\main\java\org\joda\time\tz\DefaultNameProvider.java,org.joda.time.tz.DefaultNameProvider,class,3,5,2,3,44,1,0,21,28,0.875,0,0,8,0,5,3,0,0,5,0,0,2,2,0,0,2,0,0,0,0,5,101,9,4,22,0,0,3,29,27,1,18,3,0,0,0,44,1,0
C:\Users\draj0.CHANDRIKAV\Downloads\joda-time-main\joda-time-main\src\main\java\org\joda\time\tz\ZoneInfoCompiler.java,org.joda.time.tz.ZoneInfoCompiler,class,18,22,4,18,114,1,0,90,108,0.8125,0.032967035,0.032967035,16,12,4,2,0,10,14,0,0,0,6,2,0,4,0,2,0,0,32,685,24,13,30,3,4,57,39,99,17,77,4,0,4,0,244,1,0
C:\Users\draj0.CHANDRIKAV\Downloads\joda-time-main\joda-time-main\src\main\java\org\joda\time\tz\Provider.java,org.joda.time.tz.Provider,interface,1,4,3,1,2,1,0,0,1,0,0,0,2,0,0,0,0,2,2,0,0,0,0,0,0,0,0,0,0,0,0,4,0,0,0,0,0,0,0,0,0,0,0,0,0,0,33,1,0
C:\Users\draj0.CHANDRIKAV\Downloads\joda-time-main\joda-time-main\src\main\java\org\joda\time\tz\ZoneInfoLogger.java,org.joda.time.tz.ZoneInfoLogger,class,0,2,2,0,2,1,0,2,0,0,1,1,2,2,2,0,0,0,2,0,0,0,1,1,0,0,0,1,0,0,0,14,1,0,0,0,0,0,0,1,0,1,0,1,0,0,19,1,0
C:\Users\draj0.CHANDRIKAV\Downloads\joda-time-main\joda-time-main\src\main\java\org\joda\time\chrono\AssembledChronology.java,org.joda.time.chrono.AssembledChronology$Fields,innerclass,4,4,0,4,41,1,0,39,6,0.75,0,0,4,2,1,2,0,1,2,0,0,0,35,0,35,0,0,0,0,0,35,158,2,0,2,0,0,0,0,70,0,37,2,0,0,0,66,25,0
C:\Users\draj0.CHANDRIKAV\Downloads\joda-time-main\joda-time-main\src\main\java\org\joda\time\DurationFieldType.java,org.joda.time.DurationFieldType,class,4,54,50,4,17,2,2,3,134,0.96832585,0.007352941,0.007352941,17,12,16,0,1,0,17,1,0,0,15,14,0,2,0,13,15,0,0,148,15,0,0,0,0,12,13,26,0,26,0,0,1,0,122,1025,0
C:\Users\draj0.CHANDRIKAV\Downloads\joda-time-main\joda-time-main\src\main\java\org\joda\time\format\PeriodFormat.java,org.joda.time.format.PeriodFormat$DynamicWordBased,innerclass,7,7,0,7,12,1,0,12,22,0.625,0,0,8,0,5,2,0,1,6,0,0,0,1,0,0,1,0,0,1,0,2,33,7,0,2,0,0,0,0,1,0,1,1,0,0,0,47,8,0
C:\Users\draj0.CHANDRIKAV\Downloads\joda-time-main\joda-time-main\src\main\java\org\joda\time\MutableInterval.java,org.joda.time.MutableInterval,class,10,14,4,10,33,3,0,18,351,1,0,0,27,1,27,0,0,0,27,0,0,0,1,1,0,1,0,0,1,0,12,118,3,0,5,1,0,2,5,12,0,12,1,0,0,0,169,1,0
C:\Users\draj0.CHANDRIKAV\Downloads\joda-time-main\joda-time-main\src\main\java\org\joda\time\ReadWritableInstant.java,org.joda.time.ReadWritableInstant,interface,7,9,2,7,12,1,0,0,66,0,0,0,12,0,0,0,0,12,12,0,0,0,0,0,0,0,0,0,0,0,0,14,0,0,0,0,0,0,0,0,0,0,0,0,0,0,117,1,0
C:\Users\draj0.CHANDRIKAV\Downloads\joda-time-main\joda-time-main\src\main\java\org\joda\time\tz\NameProvider.java,org.joda.time.tz.NameProvider,interface,0,2,2,0,2,1,0,0,1,0,0,0,2,0,0,0,0,2,2,0,0,0,0,0,0,0,0,0,0,0,0,4,0,0,0,0,0,0,0,0,0,0,0,0,0,0,27,1,0
C:\Users\draj0.CHANDRIKAV\Downloads\joda-time-main\joda-time-main\src\main\java\org\joda\time\tz\ZoneInfoCompiler.java,org.joda.time.tz.ZoneInfoCompiler$DateTimeOfYear,innerclass,3,3,0,3,17,1,0,20,0,0,1,1,5,0,3,0,0,2,5,0,0,0,6,0,6,0,0,0,6,0,10,97,1,0,6,1,4,17,33,43,8,15,6,0,0,0,53,8,0
C:\Users\draj0.CHANDRIKAV\Downloads\joda-time-main\joda-time-main\src\main\java\org\joda\time\convert\ReadableInstantConverter.java,org.joda.time.convert.ReadableInstantConverter,class,9,10,1,9,9,2,0,6,10,1,0,0,5,0,4,0,1,0,5,0,0,0,1,1,0,0,0,1,1,0,3,33,6,0,4,0,3,0,0,6,0,3,2,0,0,0,74,0,0
C:\Users\draj0.CHANDRIKAV\Downloads\joda-time-main\joda-time-main\src\main\java\org\joda\time\convert\StringConverter.java,org.joda.time.convert.StringConverter,class,21,22,1,21,42,2,0,29,21,1,0,0,7,0,6,0,1,0,7,0,0,0,1,1,0,0,0,1,1,0,12,131,5,1,21,0,8,8,40,51,13,29,2,0,0,0,141,0,0
C:\Users\draj0.CHANDRIKAV\Downloads\joda-time-main\joda-time-main\src\main\java\org\joda\time\convert\InstantConverter.java,org.joda.time.convert.InstantConverter,interface,3,13,10,3,3,1,0,0,3,0,0,0,3,0,0,0,0,3,3,0,0,0,0,0,0,0,0,0,0,0,0,5,0,0,0,0,0,0,0,0,0,0,0,0,0,0,75,1,0
C:\Users\draj0.CHANDRIKAV\Downloads\joda-time-main\joda-time-main\src\main\java\org\joda\time\chrono\AssembledChronology.java,org.joda.time.chrono.AssembledChronology,class,7,37,30,7,100,3,8,54,876,0.95270634,0.017718716,0.023255814,45,0,39,2,4,0,43,1,37,0,39,1,0,39,0,0,3,0,0,404,45,0,52,0,48,0,14,81,0,47,1,0,1,0,151,1025,0
C:\Users\draj0.CHANDRIKAV\Downloads\joda-time-main\joda-time-main\src\main\java\org\joda\time\chrono\StrictChronology.java,org.joda.time.chrono.StrictChronology,class,7,8,1,7,17,4,0,12,34,0.8888889,0,0,9,2,6,2,1,0,7,0,1,0,2,1,0,2,0,0,1,0,27,80,11,0,8,0,0,2,3,28,3,3,2,0,0,0,76,17,0
C:\Users\draj0.CHANDRIKAV\Downloads\joda-time-main\joda-time-main\src\main\java\org\joda\time\chrono\GJEraDateTimeField.java,org.joda.time.chrono.GJEraDateTimeField,class,11,13,2,11,21,3,0,14,106,0.8235294,0.083333336,0.083333336,17,0,15,1,0,1,16,0,0,0,2,1,0,2,0,0,2,0,7,79,20,0,3,0,0,1,6,4,0,4,1,0,0,0,74,16,0
C:\Users\draj0.CHANDRIKAV\Downloads\joda-time-main\joda-time-main\src\main\java\org\joda\time\tz\ZoneInfoCompiler.java,org.joda.time.tz.ZoneInfoCompiler$RuleSet,innerclass,2,2,0,2,10,1,0,11,0,0,1,1,3,0,1,0,0,2,3,0,0,0,1,0,0,1,0,0,0,0,1,39,0,2,0,0,1,5,12,11,3,8,2,0,0,0,33,10,0
C:\Users\draj0.CHANDRIKAV\Downloads\joda-time-main\joda-time-main\src\main\java\org\joda\time\tz\ZoneInfoProvider.java,org.joda.time.tz.ZoneInfoProvider,class,4,6,2,4,34,1,0,30,46,0.73333335,0.0952381,0.14285715,12,2,6,5,1,0,7,0,0,0,5,0,0,5,0,0,5,0,7,155,11,2,10,5,0,14,3,30,2,19,3,1,0,0,133,1,0
C:\Users\draj0.CHANDRIKAV\Downloads\joda-time-main\joda-time-main\src\main\java\org\joda\time\chrono\BaseChronology.java,org.joda.time.chrono.BaseChronology,class,14,20,6,14,70,2,1,80,1225,1,0,0,50,0,49,0,1,0,50,4,0,0,1,1,0,1,0,0,1,0,80,222,45,7,8,0,0,0,17,47,1,30,3,0,0,0,188,1025,0
C:\Users\draj0.CHANDRIKAV\Downloads\joda-time-main\joda-time-main\src\main\java\org\joda\time\chrono\JulianChronology.java,org.joda.time.chrono.JulianChronology,class,11,14,3,11,37,6,0,16,163,0.9323309,0.023391813,0.023391813,19,5,6,1,1,11,19,0,0,0,7,7,0,7,0,0,7,0,14,133,18,0,13,1,8,1,30,28,22,15,4,0,0,0,178,17,0
C:\Users\draj0.CHANDRIKAV\Downloads\joda-time-main\joda-time-main\src\main\java\org\joda\time\Period.java,org.joda.time.Period,class,24,46,22,24,118,3,0,53,3655,0.99418604,0,0,86,11,84,2,0,0,84,0,0,0,2,2,1,1,0,0,2,0,44,465,74,2,25,0,62,17,85,90,47,46,2,0,0,0,468,17,0
C:\Users\draj0.CHANDRIKAV\Downloads\joda-time-main\joda-time-main\src\main\java\org\joda\time\format\PeriodFormat.java,org.joda.time.format.PeriodFormat,class,6,8,2,6,22,1,0,29,36,0.8888889,0,0,9,8,3,5,1,0,4,0,0,0,2,2,0,2,0,0,2,0,18,151,10,1,2,0,0,91,0,13,0,11,2,0,1,0,181,1,0
C:\Users\draj0.CHANDRIKAV\Downloads\joda-time-main\joda-time-main\src\main\java\org\joda\time\format\DateTimeFormat.java,org.joda.time.format.DateTimeFormat$StyleFormatterCacheKey,innerclass,1,1,0,1,11,1,0,2,0,0,1,1,3,0,3,0,0,0,3,0,0,0,2,0,0,2,0,0,2,0,0,39,8,0,6,0,5,0,5,7,7,5,2,0,0,0,23,8,0
C:\Users\draj0.CHANDRIKAV\Downloads\joda-time-main\joda-time-main\src\main\java\org\joda\time\Weeks.java,org.joda.time.Weeks,class,23,29,6,23,44,2,0,28,313,0.951923,0.003623189,0.003623189,26,6,24,2,0,0,24,0,0,0,8,8,6,2,0,0,8,0,35,138,40,0,8,0,2,2,13,16,3,16,1,0,0,0,280,17,0
C:\Users\draj0.CHANDRIKAV\Downloads\joda-time-main\joda-time-main\src\main\java\org\joda\time\Chronology.java,org.joda.time.Chronology,class,7,120,113,7,49,1,1,0,1176,0,0,0,49,0,49,0,0,0,49,49,0,0,0,0,0,0,0,0,0,0,0,51,0,0,0,0,0,0,0,0,0,0,0,0,0,0,233,1025,0
C:\Users\draj0.CHANDRIKAV\Downloads\joda-time-main\joda-time-main\src\main\java\org\joda\time\format\PeriodFormatterBuilder.java,org.joda.time.format.PeriodFormatterBuilder$Composite,innerclass,5,5,0,5,25,1,0,12,0,0.4375,0.73333335,1,8,0,5,2,0,1,6,0,0,0,2,0,0,2,0,0,2,0,0,92,3,7,2,0,2,0,14,30,1,23,3,0,0,0,58,8,0
C:\Users\draj0.CHANDRIKAV\Downloads\joda-time-main\joda-time-main\src\main\java\org\joda\time\field\AbstractReadableInstantFieldProperty.java,org.joda.time.field.AbstractReadableInstantFieldProperty,class,10,24,14,10,43,1,12,37,496,1,0,0,32,0,30,0,2,0,32,2,0,0,1,1,0,1,0,0,1,0,4,138,36,0,7,0,0,6,9,10,5,10,1,0,0,0,217,1025,0
C:\Users\draj0.CHANDRIKAV\Downloads\joda-time-main\joda-time-main\src\main\java\org\joda\time\format\PeriodFormatterBuilder.java,org.joda.time.format.PeriodFormatterBuilder$PeriodFieldAffix,interface,1,1,0,1,7,1,0,0,21,0,0,0,7,0,0,0,0,7,7,0,0,0,0,0,0,0,0,0,0,0,0,9,0,0,0,0,0,0,0,0,0,0,0,0,0,0,87,8,0
C:\Users\draj0.CHANDRIKAV\Downloads\joda-time-main\joda-time-main\src\main\java\org\joda\time\format\PeriodFormatterBuilder.java,org.joda.time.format.PeriodFormatterBuilder$RegExAffix,innerclass,2,2,0,2,19,2,0,14,0,0.65625,0.61904764,1,8,0,6,1,0,1,7,0,0,0,4,1,0,4,0,0,4,0,3,69,8,5,1,0,0,0,5,12,2,10,4,1,0,0,69,8,0
C:\Users\draj0.CHANDRIKAV\Downloads\joda-time-main\joda-time-main\src\main\java\org\joda\time\format\DateTimeParserBucket.java,org.joda.time.format.DateTimeParserBucket$SavedField,innerclass,3,3,0,3,8,1,0,6,0,0.35,0.6,0.6,5,0,1,0,0,4,5,0,0,0,4,0,0,0,0,4,0,0,2,40,3,0,2,0,0,0,2,13,0,6,1,0,0,0,36,8,0
C:\Users\draj0.CHANDRIKAV\Downloads\joda-time-main\joda-time-main\src\main\java\org\joda\time\LocalDate.java,org.joda.time.LocalDate,class,29,44,15,29,160,4,0,107,4466,0.9635417,0.007894737,0.008333334,96,7,92,1,2,1,96,0,0,0,8,5,0,8,0,0,7,0,40,603,114,3,44,0,4,23,48,77,19,54,2,0,1,0,560,17,0
C:\Users\draj0.CHANDRIKAV\Downloads\joda-time-main\joda-time-main\src\main\java\org\joda\time\UTCDateTimeZone.java,org.joda.time.UTCDateTimeZone,class,2,3,1,2,11,2,0,2,55,1,0,0,11,0,11,0,0,0,11,0,0,0,2,2,0,1,0,1,2,0,0,37,10,0,0,0,1,2,5,2,0,2,0,0,0,0,48,16,0
C:\Users\draj0.CHANDRIKAV\Downloads\joda-time-main\joda-time-main\src\main\java\org\joda\time\chrono\BasicDayOfMonthDateTimeField.java,org.joda.time.chrono.BasicDayOfMonthDateTimeField,class,9,11,2,9,17,4,0,17,0,0.54545456,0.8,0.8,11,0,8,1,1,1,10,0,0,0,2,1,0,2,0,0,2,0,7,59,14,2,2,0,0,1,4,9,0,9,4,0,0,0,62,16,0
C:\Users\draj0.CHANDRIKAV\Downloads\joda-time-main\joda-time-main\src\main\java\org\joda\time\MonthDay.java,org.joda.time.MonthDay$Property,innerclass,8,8,0,8,10,2,0,9,0,0.46666667,0.8,0.8,10,0,8,0,1,1,10,0,0,0,3,1,0,3,0,0,3,0,0,45,9,0,0,0,0,0,1,11,0,7,0,0,0,0,96,9,0
C:\Users\draj0.CHANDRIKAV\Downloads\joda-time-main\joda-time-main\src\main\java\org\joda\time\format\InternalParserDateTimeParser.java,org.joda.time.format.InternalParserDateTimeParser,class,5,9,4,5,12,1,0,5,0,0,1,1,7,1,5,1,0,1,6,0,0,0,1,0,0,1,0,0,1,0,0,40,11,0,2,0,1,0,0,2,0,2,1,0,0,0,31,0,0
C:\Users\draj0.CHANDRIKAV\Downloads\joda-time-main\joda-time-main\src\main\java\org\joda\time\format\InternalParser.java,org.joda.time.format.InternalParser,interface,1,18,17,1,2,1,0,0,1,0,0,0,2,0,0,0,0,2,2,0,0,0,0,0,0,0,0,0,0,0,0,4,0,0,0,0,0,0,0,0,0,0,0,0,0,0,85,0,0
C:\Users\draj0.CHANDRIKAV\Downloads\joda-time-main\joda-time-main\src\main\java\org\joda\time\ReadablePartial.java,org.joda.time.ReadablePartial,interface,6,73,67,6,11,1,0,0,55,0,0,0,11,0,0,0,0,11,11,0,0,0,0,0,0,0,0,0,0,0,0,13,0,0,0,0,0,0,0,0,0,0,0,0,0,0,166,1,0
C:\Users\draj0.CHANDRIKAV\Downloads\joda-time-main\joda-time-main\src\main\java\org\joda\time\chrono\GJChronology.java,org.joda.time.chrono.GJChronology$ImpreciseCutoverField,innerclass,5,5,0,5,35,4,0,11,45,1,0,0,10,0,6,0,0,4,10,0,0,0,1,1,0,1,0,0,1,0,0,130,14,0,1,0,0,1,9,24,4,5,5,0,0,0,85,18,0
C:\Users\draj0.CHANDRIKAV\Downloads\joda-time-main\joda-time-main\src\main\java\org\joda\time\field\BaseDurationField.java,org.joda.time.field.BaseDurationField,class,4,12,8,4,15,2,6,8,60,0.875,0.045454547,0.045454547,12,0,11,0,1,0,12,0,3,0,2,1,0,2,0,0,2,0,4,54,13,0,2,0,0,2,4,4,3,4,1,0,0,0,102,1025,0
C:\Users\draj0.CHANDRIKAV\Downloads\joda-time-main\joda-time-main\src\main\java\org\joda\time\DateTimeConstants.java,org.joda.time.DateTimeConstants,class,0,0,0,0,1,1,0,0,0,1,NaN,NaN,1,0,0,0,1,0,1,0,0,0,40,40,40,0,0,0,40,0,0,44,0,0,0,0,0,0,30,40,10,40,0,0,0,0,126,1,0
